,asset10
2005-01-03,
2005-01-04,
2005-01-05,
2005-01-06,
2005-01-07,
2005-01-10,
2005-01-11,
2005-01-12,
2005-01-13,
2005-01-14,
2005-01-17,
2005-01-18,
2005-01-19,
2005-01-20,
2005-01-21,
2005-01-24,
2005-01-25,
2005-01-26,
2005-01-27,
2005-01-28,
2005-01-31,
2005-02-01,
2005-02-02,
2005-02-03,
2005-02-04,
2005-02-07,
2005-02-08,
2005-02-09,
2005-02-10,
2005-02-11,
2005-02-14,
2005-02-15,
2005-02-16,
2005-02-17,
2005-02-18,
2005-02-21,
2005-02-22,
2005-02-23,
2005-02-24,
2005-02-25,
2005-02-28,
2005-03-01,
2005-03-02,
2005-03-03,
2005-03-04,
2005-03-07,
2005-03-08,
2005-03-09,
2005-03-10,
2005-03-11,
2005-03-14,
2005-03-15,
2005-03-16,
2005-03-17,
2005-03-18,
2005-03-21,
2005-03-22,
2005-03-23,
2005-03-24,
2005-03-25,
2005-03-28,
2005-03-29,
2005-03-30,
2005-03-31,
2005-04-01,
2005-04-04,
2005-04-05,
2005-04-06,
2005-04-07,
2005-04-08,
2005-04-11,
2005-04-12,
2005-04-13,
2005-04-14,
2005-04-15,
2005-04-18,
2005-04-19,
2005-04-20,
2005-04-21,
2005-04-22,
2005-04-25,
2005-04-26,
2005-04-27,
2005-04-28,
2005-04-29,
2005-05-02,
2005-05-03,
2005-05-04,
2005-05-05,
2005-05-06,
2005-05-09,
2005-05-10,
2005-05-11,
2005-05-12,
2005-05-13,
2005-05-16,
2005-05-17,
2005-05-18,
2005-05-19,
2005-05-20,
2005-05-23,
2005-05-24,
2005-05-25,
2005-05-26,
2005-05-27,
2005-05-30,
2005-05-31,
2005-06-01,
2005-06-02,
2005-06-03,
2005-06-06,
2005-06-07,
2005-06-08,
2005-06-09,
2005-06-10,
2005-06-13,
2005-06-14,
2005-06-15,
2005-06-16,
2005-06-17,
2005-06-20,
2005-06-21,
2005-06-22,
2005-06-23,
2005-06-24,
2005-06-27,
2005-06-28,
2005-06-29,
2005-06-30,
2005-07-01,
2005-07-04,
2005-07-05,
2005-07-06,
2005-07-07,
2005-07-08,
2005-07-11,
2005-07-12,
2005-07-13,
2005-07-14,
2005-07-15,
2005-07-18,
2005-07-19,
2005-07-20,
2005-07-21,
2005-07-22,
2005-07-25,
2005-07-26,
2005-07-27,
2005-07-28,
2005-07-29,
2005-08-01,
2005-08-02,
2005-08-03,
2005-08-04,
2005-08-05,
2005-08-08,
2005-08-09,
2005-08-10,
2005-08-11,
2005-08-12,
2005-08-15,
2005-08-16,
2005-08-17,
2005-08-18,
2005-08-19,
2005-08-22,
2005-08-23,
2005-08-24,
2005-08-25,
2005-08-26,
2005-08-29,
2005-08-30,
2005-08-31,
2005-09-01,
2005-09-02,
2005-09-05,
2005-09-06,
2005-09-07,
2005-09-08,
2005-09-09,
2005-09-12,
2005-09-13,
2005-09-14,
2005-09-15,
2005-09-16,
2005-09-19,
2005-09-20,
2005-09-21,
2005-09-22,
2005-09-23,
2005-09-26,
2005-09-27,
2005-09-28,
2005-09-29,
2005-09-30,
2005-10-03,
2005-10-04,
2005-10-05,
2005-10-06,
2005-10-07,
2005-10-10,
2005-10-11,
2005-10-12,
2005-10-13,
2005-10-14,
2005-10-17,
2005-10-18,
2005-10-19,
2005-10-20,
2005-10-21,
2005-10-24,
2005-10-25,
2005-10-26,
2005-10-27,
2005-10-28,
2005-10-31,
2005-11-01,
2005-11-02,
2005-11-03,
2005-11-04,
2005-11-07,
2005-11-08,
2005-11-09,
2005-11-10,
2005-11-11,
2005-11-14,
2005-11-15,
2005-11-16,
2005-11-17,
2005-11-18,
2005-11-21,
2005-11-22,
2005-11-23,
2005-11-24,
2005-11-25,
2005-11-28,
2005-11-29,
2005-11-30,
2005-12-01,
2005-12-02,
2005-12-05,
2005-12-06,
2005-12-07,
2005-12-08,
2005-12-09,
2005-12-12,
2005-12-13,
2005-12-14,
2005-12-15,
2005-12-16,
2005-12-19,
2005-12-20,
2005-12-21,
2005-12-22,
2005-12-23,
2005-12-26,
2005-12-27,
2005-12-28,
2005-12-29,
2005-12-30,
2006-01-02,
2006-01-03,
2006-01-04,
2006-01-05,
2006-01-06,
2006-01-09,
2006-01-10,
2006-01-11,
2006-01-12,
2006-01-13,
2006-01-16,
2006-01-17,
2006-01-18,
2006-01-19,
2006-01-20,
2006-01-23,
2006-01-24,
2006-01-25,
2006-01-26,
2006-01-27,
2006-01-30,
2006-01-31,
2006-02-01,
2006-02-02,
2006-02-03,
2006-02-06,
2006-02-07,
2006-02-08,
2006-02-09,
2006-02-10,
2006-02-13,
2006-02-14,
2006-02-15,
2006-02-16,
2006-02-17,
2006-02-20,
2006-02-21,
2006-02-22,
2006-02-23,
2006-02-24,
2006-02-27,
2006-02-28,
2006-03-01,
2006-03-02,
2006-03-03,
2006-03-06,
2006-03-07,
2006-03-08,
2006-03-09,
2006-03-10,
2006-03-13,
2006-03-14,
2006-03-15,
2006-03-16,
2006-03-17,
2006-03-20,
2006-03-21,
2006-03-22,
2006-03-23,
2006-03-24,
2006-03-27,
2006-03-28,
2006-03-29,
2006-03-30,
2006-03-31,
2006-04-03,
2006-04-04,
2006-04-05,
2006-04-06,
2006-04-07,
2006-04-10,544.16
2006-04-11,545.6
2006-04-12,542.72
2006-04-13,550.56
2006-04-14,
2006-04-17,558.32
2006-04-18,566.0
2006-04-19,574.8
2006-04-20,568.72
2006-04-21,582.48
2006-04-24,568.08
2006-04-25,565.12
2006-04-26,556.32
2006-04-27,549.6
2006-04-28,556.96
2006-05-01,572.0
2006-05-02,578.72
2006-05-03,561.76
2006-05-04,546.56
2006-05-05,544.0
2006-05-08,543.04
2006-05-09,547.2
2006-05-10,558.16
2006-05-11,562.4
2006-05-12,552.88
2006-05-15,533.04
2006-05-16,533.6
2006-05-17,525.6
2006-05-18,533.92
2006-05-19,524.56
2006-05-22,530.24
2006-05-23,542.16
2006-05-24,528.8
2006-05-25,542.4
2006-05-26,542.0
2006-05-29,
2006-05-30,546.56
2006-05-31,541.84
2006-06-01,534.56
2006-06-02,551.2
2006-06-05,549.92
2006-06-06,550.08
2006-06-07,538.24
2006-06-08,536.96
2006-06-09,544.56
2006-06-12,536.64
2006-06-13,521.44
2006-06-14,526.32
2006-06-15,529.28
2006-06-16,530.0
2006-06-19,524.32
2006-06-20,522.32
2006-06-21,530.8
2006-06-22,536.0
2006-06-23,535.12
2006-06-26,541.6
2006-06-27,544.64
2006-06-28,546.48
2006-06-29,556.08
2006-06-30,558.16
2006-07-03,559.44
2006-07-04,
2006-07-05,568.0
2006-07-06,566.16
2006-07-07,558.8
2006-07-10,556.48
2006-07-11,560.64
2006-07-12,569.12
2006-07-13,586.0
2006-07-14,585.76
2006-07-17,573.2
2006-07-18,566.0
2006-07-19,558.8
2006-07-20,552.8
2006-07-21,556.16
2006-07-24,561.36
2006-07-25,552.0
2006-07-26,553.36
2006-07-27,557.44
2006-07-28,548.0
2006-07-31,556.16
2006-08-01,561.2
2006-08-02,568.96
2006-08-03,564.48
2006-08-04,558.48
2006-08-07,576.0
2006-08-08,570.4
2006-08-09,569.36
2006-08-10,556.8
2006-08-11,557.84
2006-08-14,548.72
2006-08-15,545.68
2006-08-16,537.44
2006-08-17,528.4
2006-08-18,529.44
2006-08-21,539.36
2006-08-22,536.4
2006-08-23,527.6
2006-08-24,534.0
2006-08-25,532.4
2006-08-28,519.04
2006-08-29,513.52
2006-08-30,518.8
2006-08-31,518.4
2006-09-01,510.0
2006-09-04,
2006-09-05,506.48
2006-09-06,497.6
2006-09-07,495.52
2006-09-08,487.2
2006-09-11,480.32
2006-09-12,470.08
2006-09-13,472.0
2006-09-14,465.2
2006-09-15,464.48
2006-09-18,466.56
2006-09-19,450.0
2006-09-20,440.4
2006-09-21,447.12
2006-09-22,437.12
2006-09-25,445.36
2006-09-26,443.36
2006-09-27,457.28
2006-09-28,453.2
2006-09-29,454.48
2006-10-02,442.48
2006-10-03,425.92
2006-10-04,432.32
2006-10-05,436.72
2006-10-06,434.8
2006-10-09,436.8
2006-10-10,429.36
2006-10-11,421.2
2006-10-12,427.44
2006-10-13,429.2
2006-10-16,437.76
2006-10-17,431.92
2006-10-18,422.8
2006-10-19,431.2
2006-10-20,422.0
2006-10-23,418.96
2006-10-24,422.72
2006-10-25,437.6
2006-10-26,429.2
2006-10-27,432.0
2006-10-30,415.84
2006-10-31,416.8
2006-11-01,416.96
2006-11-02,412.0
2006-11-03,421.44
2006-11-06,427.6
2006-11-07,420.8
2006-11-08,427.2
2006-11-09,436.0
2006-11-10,426.4
2006-11-13,418.8
2006-11-14,417.12
2006-11-15,420.0
2006-11-16,404.72
2006-11-17,407.52
2006-11-20,407.76
2006-11-21,415.84
2006-11-22,410.48
2006-11-23,
2006-11-24,414.4
2006-11-27,418.4
2006-11-28,421.68
2006-11-29,433.12
2006-11-30,436.64
2006-12-01,440.4
2006-12-04,433.6
2006-12-05,434.4
2006-12-06,431.12
2006-12-07,430.88
2006-12-08,428.64
2006-12-11,424.0
2006-12-12,420.4
2006-12-13,423.04
2006-12-14,429.84
2006-12-15,434.4
2006-12-18,425.28
2006-12-19,432.0
2006-12-20,432.4
2006-12-21,426.72
2006-12-22,423.36
2006-12-25,
2006-12-26,413.12
2006-12-27,410.8
2006-12-28,410.4
2006-12-29,412.8
2007-01-01,
2007-01-02,
2007-01-03,395.2
2007-01-04,378.8
2007-01-05,382.64
2007-01-08,379.92
2007-01-09,378.4
2007-01-10,362.24
2007-01-11,354.72
2007-01-12,357.04
2007-01-15,
2007-01-16,347.2
2007-01-17,353.76
2007-01-18,345.84
2007-01-19,355.44
2007-01-22,350.72
2007-01-23,365.2
2007-01-24,368.8
2007-01-25,362.16
2007-01-26,370.24
2007-01-29,359.76
2007-01-30,378.88
2007-01-31,385.92
2007-02-01,382.72
2007-02-02,394.72
2007-02-05,392.8
2007-02-06,393.68
2007-02-07,386.0
2007-02-08,398.0
2007-02-09,399.92
2007-02-12,386.96
2007-02-13,394.88
2007-02-14,387.6
2007-02-15,386.8
2007-02-16,394.8
2007-02-19,
2007-02-20,389.36
2007-02-21,398.88
2007-02-22,402.64
2007-02-23,403.68
2007-02-26,407.2
2007-02-27,399.6
2007-02-28,409.44
2007-03-01,409.92
2007-03-02,408.08
2007-03-05,396.96
2007-03-06,402.56
2007-03-07,410.32
2007-03-08,410.32
2007-03-09,400.88
2007-03-12,394.8
2007-03-13,391.52
2007-03-14,393.12
2007-03-15,389.36
2007-03-16,387.36
2007-03-19,389.6
2007-03-20,387.68
2007-03-21,390.4
2007-03-22,401.44
2007-03-23,404.56
2007-03-26,409.36
2007-03-27,409.6
2007-03-28,416.0
2007-03-29,428.96
2007-03-30,426.8
2007-04-02,428.48
2007-04-03,419.68
2007-04-04,418.64
2007-04-05,416.079
2007-04-06,
2007-04-09,402.8
2007-04-10,404.88
2007-04-11,403.68
2007-04-12,413.2
2007-04-13,412.16
2007-04-16,409.6
2007-04-17,402.32
2007-04-18,401.12
2007-04-19,393.76
2007-04-20,400.4
2007-04-23,409.76
2007-04-24,403.12
2007-04-25,410.56
2007-04-26,407.52
2007-04-27,414.72
2007-04-30,409.92
2007-05-01,402.88
2007-05-02,396.72
2007-05-03,394.24
2007-05-04,386.4
2007-05-07,384.48
2007-05-08,389.12
2007-05-09,384.08
2007-05-10,385.2
2007-05-11,388.56
2007-05-14,388.48
2007-05-15,391.92
2007-05-16,388.24
2007-05-17,401.28
2007-05-18,400.8
2007-05-21,406.56
2007-05-22,399.36
2007-05-23,401.36
2007-05-24,391.44
2007-05-25,396.0
2007-05-28,
2007-05-29,387.2
2007-05-30,385.68
2007-05-31,391.68
2007-06-01,395.68
2007-06-04,402.8
2007-06-05,400.16
2007-06-06,402.4895
2007-06-07,405.2
2007-06-08,392.48
2007-06-11,398.72
2007-06-12,396.48
2007-06-13,400.72
2007-06-14,408.8
2007-06-15,412.24
2007-06-18,417.12
2007-06-19,416.96
2007-06-20,412.4
2007-06-21,412.8
2007-06-22,415.12
2007-06-25,415.68
2007-06-26,408.96
2007-06-27,415.04
2007-06-28,419.76
2007-06-29,424.0
2007-07-02,428.24
2007-07-03,428.32
2007-07-04,
2007-07-05,433.2
2007-07-06,437.44
2007-07-09,434.8
2007-07-10,437.76
2007-07-11,437.28
2007-07-12,437.92
2007-07-13,444.32
2007-07-16,446.08
2007-07-17,445.12
2007-07-18,452.64
2007-07-19,456.64
2007-07-20,456.0
2007-07-23,451.04
2007-07-24,441.28
2007-07-25,459.52
2007-07-26,449.76
2007-07-27,461.92
2007-07-30,460.0
2007-07-31,468.24
2007-08-01,462.08
2007-08-02,461.6
2007-08-03,451.52
2007-08-06,433.6
2007-08-07,434.88
2007-08-08,434.16
2007-08-09,430.24
2007-08-10,429.12
2007-08-13,430.8
2007-08-14,433.84
2007-08-15,441.04
2007-08-16,428.64
2007-08-17,432.24
2007-08-20,428.32
2007-08-21,419.44
2007-08-22,418.8
2007-08-23,421.2
2007-08-24,429.12
2007-08-27,434.64
2007-08-28,432.24
2007-08-29,444.4
2007-08-30,444.0
2007-08-31,446.24
2007-09-03,
2007-09-04,454.0
2007-09-05,458.08
2007-09-06,461.04
2007-09-07,462.08
2007-09-10,470.32
2007-09-11,471.68
2007-09-12,480.0
2007-09-13,481.36
2007-09-14,478.32
2007-09-17,485.36
2007-09-18,496.4
2007-09-19,494.56
2007-09-20,501.2
2007-09-21,497.12
2007-09-24,494.56
2007-09-25,488.56
2007-09-26,493.6
2007-09-27,507.52
2007-09-28,500.4
2007-10-01,492.72
2007-10-02,493.04
2007-10-03,490.32
2007-10-04,500.88
2007-10-05,498.24
2007-10-08,486.08
2007-10-09,491.2
2007-10-10,499.2
2007-10-11,508.72
2007-10-12,512.0
2007-10-15,527.12
2007-10-16,535.84
2007-10-17,533.04
2007-10-18,545.36
2007-10-19,537.12
2007-10-22,532.32
2007-10-23,526.64
2007-10-24,543.84
2007-10-25,560.96
2007-10-26,569.36
2007-10-29,580.0
2007-10-30,556.32
2007-10-31,586.16
2007-11-01,577.36
2007-11-02,594.8
2007-11-05,588.32
2007-11-06,602.72
2007-11-07,595.84
2007-11-08,592.64
2007-11-09,598.16
2007-11-12,582.16
2007-11-13,567.44
2007-11-14,580.8
2007-11-15,578.4
2007-11-16,591.2
2007-11-19,595.92
2007-11-20,618.72
2007-11-21,611.52
2007-11-22,
2007-11-23,614.08
2007-11-26,610.0
2007-11-27,594.4
2007-11-28,574.4
2007-11-29,573.12
2007-11-30,559.28
2007-12-03,565.6
2007-12-04,555.2
2007-12-05,549.52
2007-12-06,568.16
2007-12-07,555.44
2007-12-10,554.88
2007-12-11,562.08
2007-12-12,591.2
2007-12-13,585.36
2007-12-14,578.08
2007-12-17,575.12
2007-12-18,568.88
2007-12-19,577.2
2007-12-20,576.8
2007-12-21,590.4
2007-12-24,591.6
2007-12-25,
2007-12-26,607.28
2007-12-27,610.0
2007-12-28,607.12
2007-12-31,606.08
2008-01-01,
2008-01-02,627.76
2008-01-03,626.96
2008-01-04,618.48
2008-01-07,604.0
2008-01-08,608.48
2008-01-09,602.0
2008-01-10,592.16
2008-01-11,584.72
2008-01-14,594.0
2008-01-15,582.24
2008-01-16,574.8
2008-01-17,568.24
2008-01-18,572.32
2008-01-21,
2008-01-22,564.4
2008-01-23,556.0
2008-01-24,567.44
2008-01-25,575.301
2008-01-28,578.8
2008-01-29,583.84
2008-01-30,584.64
2008-01-31,578.8
2008-02-01,563.76
2008-02-04,570.96
2008-02-05,561.2
2008-02-06,552.16
2008-02-07,558.4
2008-02-08,583.2
2008-02-11,596.4
2008-02-12,588.72
2008-02-13,592.88
2008-02-14,606.08
2008-02-15,607.44
2008-02-18,
2008-02-19,630.48
2008-02-20,634.56
2008-02-21,618.64
2008-02-22,628.8
2008-02-25,629.8895
2008-02-26,640.8
2008-02-27,631.36
2008-02-28,651.84
2008-02-29,643.36
2008-03-03,650.56
2008-03-04,635.2
2008-03-05,666.4
2008-03-06,671.12
2008-03-07,669.84
2008-03-10,685.04
2008-03-11,690.72
2008-03-12,695.36
2008-03-13,697.68
2008-03-14,692.08
2008-03-17,666.4
2008-03-18,686.4
2008-03-19,658.32
2008-03-20,650.4
2008-03-21,
2008-03-24,642.08
2008-03-25,651.76
2008-03-26,678.48
2008-03-27,685.84
2008-03-28,674.96
2008-03-31,650.88
2008-04-01,648.48
2008-04-02,670.24
2008-04-03,669.2
2008-04-04,679.04
2008-04-07,695.44
2008-04-08,697.52
2008-04-09,711.2
2008-04-10,705.44
2008-04-11,707.84
2008-04-14,717.12
2008-04-15,731.52
2008-04-16,737.2
2008-04-17,738.96
2008-04-18,750.32
2008-04-21,755.04
2008-04-22,760.64
2008-04-23,761.44
2008-04-24,745.6
2008-04-25,765.28
2008-04-28,765.52
2008-04-29,743.92
2008-04-30,740.0
2008-05-01,723.04
2008-05-02,747.2
2008-05-05,773.92
2008-05-06,787.04
2008-05-07,798.4
2008-05-08,805.28
2008-05-09,816.96
2008-05-12,800.88
2008-05-13,813.68
2008-05-14,801.76
2008-05-15,801.68
2008-05-16,818.16
2008-05-19,822.4
2008-05-20,834.4
2008-05-21,866.48
2008-05-22,845.04
2008-05-23,855.6
2008-05-26,
2008-05-27,834.08
2008-05-28,847.36
2008-05-29,818.08
2008-05-30,824.48
2008-06-02,824.4
2008-06-03,805.2
2008-06-04,791.84
2008-06-05,831.6
2008-06-06,897.36
2008-06-09,872.4
2008-06-10,856.16
2008-06-11,887.92
2008-06-12,890.16
2008-06-13,873.6
2008-06-16,871.92
2008-06-17,869.44
2008-06-18,887.12
2008-06-19,855.28
2008-06-20,873.12
2008-06-23,887.36
2008-06-24,887.6
2008-06-25,868.0
2008-06-26,904.96
2008-06-27,910.0
2008-06-30,909.28
2008-07-01,916.72
2008-07-02,934.72
2008-07-03,934.56
2008-07-04,
2008-07-07,919.6
2008-07-08,879.36
2008-07-09,877.2
2008-07-10,914.72
2008-07-11,939.12
2008-07-14,939.84
2008-07-15,899.12
2008-07-16,874.0
2008-07-17,844.24
2008-07-18,835.52
2008-07-21,853.36
2008-07-22,826.56
2008-07-23,800.16
2008-07-24,811.68
2008-07-25,794.16
2008-07-28,804.32
2008-07-29,784.32
2008-07-30,817.04
2008-07-31,799.92
2008-08-01,808.32
2008-08-04,780.16
2008-08-05,764.72
2008-08-06,763.36
2008-08-07,771.521
2008-08-08,741.44
2008-08-11,740.08
2008-08-12,731.92
2008-08-13,750.0
2008-08-14,741.92
2008-08-15,734.4
2008-08-18,730.08
2008-08-19,741.92
2008-08-20,751.84
2008-08-21,785.68
2008-08-22,740.32
2008-08-25,744.8
2008-08-26,751.2
2008-08-27,765.28
2008-08-28,747.12
2008-08-29,742.96
2008-09-01,
2008-09-02,713.52
2008-09-03,707.52
2008-09-04,696.16
2008-09-05,688.48
2008-09-08,687.44
2008-09-09,658.8
2008-09-10,663.76
2008-09-11,651.92
2008-09-12,651.92
2008-09-15,610.4
2008-09-16,599.92
2008-09-17,620.0
2008-09-18,633.36
2008-09-19,661.04
2008-09-22,700.96
2008-09-23,689.04
2008-09-24,678.88
2008-09-25,693.52
2008-09-26,689.68
2008-09-29,616.72
2008-09-30,656.08
2008-10-01,636.72
2008-10-02,606.56
2008-10-03,602.0
2008-10-06,572.88
2008-10-07,579.92
2008-10-08,578.08
2008-10-09,556.8
2008-10-10,532.0
2008-10-13,542.24
2008-10-14,520.24
2008-10-15,485.84
2008-10-16,474.72
2008-10-17,474.96
2008-10-20,494.4
2008-10-21,470.16
2008-10-22,439.44
2008-10-23,452.8
2008-10-24,424.0
2008-10-27,406.8
2008-10-28,425.76
2008-10-29,445.44
2008-10-30,432.0
2008-10-31,444.72
2008-11-03,419.92
2008-11-04,459.04
2008-11-05,430.72
2008-11-06,401.2
2008-11-07,400.32
2008-11-10,409.84
2008-11-11,384.88
2008-11-12,366.0
2008-11-13,392.0
2008-11-14,369.44
2008-11-17,361.28
2008-11-18,358.16
2008-11-19,346.08
2008-11-20,316.4
2008-11-21,328.0
2008-11-24,353.04
2008-11-25,330.88
2008-11-26,356.32
2008-11-27,
2008-11-28,336.72
2008-12-01,319.12
2008-12-02,308.0
2008-12-03,304.4
2008-12-04,283.28
2008-12-05,274.0
2008-12-08,288.96
2008-12-09,275.6
2008-12-10,286.48
2008-12-11,309.12
2008-12-12,304.8
2008-12-15,294.728
2008-12-16,291.52
2008-12-17,278.48
2008-12-18,261.84
2008-12-19,264.48
2008-12-22,245.04
2008-12-23,240.0
2008-12-24,232.192
2008-12-25,
2008-12-26,232.8
2008-12-29,247.36
2008-12-30,241.6
2008-12-31,264.8
2009-01-01,
2009-01-02,285.04
2009-01-05,298.4
2009-01-06,298.0
2009-01-07,266.16
2009-01-08,265.6
2009-01-09,258.96
2009-01-12,245.2
2009-01-13,254.72
2009-01-14,249.84
2009-01-15,241.44
2009-01-16,238.88
2009-01-19,
2009-01-20,229.28
2009-01-21,248.24
2009-01-22,240.16
2009-01-23,258.64
2009-01-26,257.12
2009-01-27,236.0
2009-01-28,238.0
2009-01-29,233.76
2009-01-30,233.76
2009-02-02,227.2
2009-02-03,230.96
2009-02-04,226.16
2009-02-05,230.48
2009-02-06,225.6
2009-02-09,226.0
2009-02-10,215.28
2009-02-11,208.64
2009-02-12,209.04
2009-02-13,204.8
2009-02-16,
2009-02-17,187.68
2009-02-18,182.88
2009-02-19,194.24
2009-02-20,194.8
2009-02-23,186.56
2009-02-24,195.52
2009-02-25,208.0
2009-02-26,217.84
2009-02-27,216.4
2009-03-02,195.84
2009-03-03,203.12
2009-03-04,220.88
2009-03-05,212.48
2009-03-06,223.92
2009-03-09,229.2
2009-03-10,222.64
2009-03-11,210.4
2009-03-12,225.848
2009-03-13,221.04
2009-03-16,226.0
2009-03-17,235.52
2009-03-18,236.88
2009-03-19,242.88
2009-03-20,246.08
2009-03-23,254.24
2009-03-24,252.88
2009-03-25,249.68
2009-03-26,256.16
2009-03-27,246.0
2009-03-30,229.6
2009-03-31,232.4
2009-04-01,228.64
2009-04-02,247.84
2009-04-03,247.44
2009-04-06,241.84
2009-04-07,231.52
2009-04-08,235.92
2009-04-09,245.52
2009-04-10,
2009-04-13,237.44
2009-04-14,233.68
2009-04-15,234.48
2009-04-16,234.32
2009-04-17,235.6
2009-04-20,217.76
2009-04-21,218.64
2009-04-22,218.72
2009-04-23,223.04
2009-04-24,231.2
2009-04-27,224.64
2009-04-28,222.8
2009-04-29,228.48
2009-04-30,229.04
2009-05-01,236.96
2009-05-04,244.48
2009-05-05,241.2
2009-05-06,251.44
2009-05-07,251.92
2009-05-08,259.92
2009-05-11,258.32
2009-05-12,261.04
2009-05-13,257.52
2009-05-14,259.2
2009-05-15,250.4
2009-05-18,261.68
2009-05-19,262.32
2009-05-20,270.96
2009-05-21,267.04
2009-05-22,269.6
2009-05-25,
2009-05-26,272.88
2009-05-27,276.656
2009-05-28,282.72
2009-05-29,291.2
2009-06-01,299.44
2009-06-02,300.88
2009-06-03,290.0
2009-06-04,301.52
2009-06-05,299.2
2009-06-08,300.32
2009-06-09,305.52
2009-06-10,311.76
2009-06-11,317.44
2009-06-12,315.44
2009-06-15,308.16
2009-06-16,308.08
2009-06-17,309.6
2009-06-18,310.8
2009-06-19,303.76
2009-06-22,290.0
2009-06-23,299.28
2009-06-24,296.72
2009-06-25,304.4
2009-06-26,300.08
2009-06-29,309.36
2009-06-30,303.44
2009-07-01,299.68
2009-07-02,288.4
2009-07-03,
2009-07-06,277.68
2009-07-07,270.48
2009-07-08,260.56
2009-07-09,262.16
2009-07-10,259.016
2009-07-13,258.96
2009-07-14,256.88
2009-07-15,267.76
2009-07-16,268.48
2009-07-17,273.92
2009-07-20,278.64
2009-07-21,279.52
2009-07-22,278.48
2009-07-23,286.32
2009-07-24,289.768
2009-07-27,290.56
2009-07-28,286.08
2009-07-29,267.76
2009-07-30,283.92
2009-07-31,294.48
2009-08-03,303.36
2009-08-04,303.76
2009-08-05,305.6
2009-08-06,306.16
2009-08-07,301.2
2009-08-10,301.68
2009-08-11,294.88
2009-08-12,298.8
2009-08-13,302.4
2009-08-14,288.24
2009-08-17,284.16
2009-08-18,294.88
2009-08-19,304.96
2009-08-20,301.36
2009-08-21,305.84
2009-08-24,306.4
2009-08-25,297.36
2009-08-26,295.6
2009-08-27,301.76
2009-08-28,301.28
2009-08-31,288.4
2009-09-01,282.16
2009-09-02,281.44
2009-09-03,282.56
2009-09-04,281.04
2009-09-07,
2009-09-08,295.52
2009-09-09,295.52
2009-09-10,298.96
2009-09-11,286.56
2009-09-14,285.68
2009-09-15,293.6
2009-09-16,299.44
2009-09-17,299.92
2009-09-18,296.96
2009-09-21,286.8
2009-09-22,295.84
2009-09-23,281.04
2009-09-24,271.76
2009-09-25,272.0
2009-09-28,276.08
2009-09-29,274.48
2009-09-30,289.52
2009-10-01,289.84
2009-10-02,286.96
2009-10-05,289.44
2009-10-06,292.32
2009-10-07,287.68
2009-10-08,293.44
2009-10-09,297.28
2009-10-12,301.52
2009-10-13,305.2
2009-10-14,308.88
2009-10-15,319.28
2009-10-16,323.6
2009-10-19,326.08
2009-10-20,323.12
2009-10-21,330.64
2009-10-22,331.76
2009-10-23,327.28
2009-10-26,321.04
2009-10-27,324.72
2009-10-28,315.68
2009-10-29,327.2
2009-10-30,314.56
2009-11-02,319.76
2009-11-03,324.96
2009-11-04,327.92
2009-11-05,326.4
2009-11-06,317.6
2009-11-09,324.0
2009-11-10,323.28
2009-11-11,324.4
2009-11-12,314.16
2009-11-13,312.96
2009-11-16,322.32
2009-11-17,323.84
2009-11-18,325.36
2009-11-19,317.28
2009-11-20,315.36
2009-11-23,315.04
2009-11-24,308.64
2009-11-25,316.0
2009-11-26,
2009-11-27,308.0
2009-11-30,313.2
2009-12-01,316.96
2009-12-02,310.72
2009-12-03,308.16
2009-12-04,306.64
2009-12-07,299.92
2009-12-08,294.8
2009-12-09,286.96
2009-12-10,285.84
2009-12-11,283.84
2009-12-14,284.64
2009-12-15,287.44
2009-12-16,293.92
2009-12-17,290.88
2009-12-18,293.28
2009-12-21,289.28
2009-12-22,292.48
2009-12-23,301.92
2009-12-24,305.6
2009-12-25,
2009-12-28,310.88
2009-12-29,310.72
2009-12-30,313.12
2009-12-31,314.24
2010-01-01,
2010-01-04,322.16
2010-01-05,323.28
2010-01-06,327.76
2010-01-07,325.76
2010-01-08,327.44
2010-01-11,324.32
2010-01-12,317.04
2010-01-13,313.68
2010-01-14,312.48
2010-01-15,307.2
2010-01-18,
2010-01-19,311.44
2010-01-20,303.12
2010-01-21,297.92
2010-01-22,290.72
2010-01-25,294.48
2010-01-26,292.0
2010-01-27,288.64
2010-01-28,289.28
2010-01-29,285.12
2010-02-01,293.76
2010-02-02,300.227
2010-02-03,301.2
2010-02-04,286.4
2010-02-05,281.68
2010-02-08,280.72
2010-02-09,289.68
2010-02-10,292.08
2010-02-11,294.24
2010-02-12,290.48
2010-02-15,
2010-02-16,302.32
2010-02-17,303.76
2010-02-18,309.84
2010-02-19,312.72
2010-02-22,312.24
2010-02-23,306.64
2010-02-24,311.92
2010-02-25,304.88
2010-02-26,310.56
2010-03-01,306.8
2010-03-02,310.4
2010-03-03,315.2
2010-03-04,313.2
2010-03-05,318.8
2010-03-08,318.32
2010-03-09,316.4
2010-03-10,319.2
2010-03-11,320.4
2010-03-12,316.08
2010-03-15,310.64
2010-03-16,318.32
2010-03-17,321.84
2010-03-18,319.36
2010-03-19,313.6
2010-03-22,316.48
2010-03-23,317.6
2010-03-24,311.52
2010-03-25,311.2
2010-03-26,310.64
2010-03-29,319.68
2010-03-30,319.6
2010-03-31,322.32
2010-04-01,329.92
2010-04-02,
2010-04-05,336.56
2010-04-06,336.16
2010-04-07,332.16
2010-04-08,331.52
2010-04-09,329.36
2010-04-12,327.44
2010-04-13,327.12
2010-04-14,334.08
2010-04-15,333.68
2010-04-16,324.8
2010-04-19,320.88
2010-04-20,322.4
2010-04-21,322.16
2010-04-22,322.4
2010-04-23,327.6
2010-04-26,322.8
2010-04-27,314.96
2010-04-28,319.76
2010-04-29,328.32
2010-04-30,330.64
2010-05-03,331.68
2010-05-04,317.6
2010-05-05,306.48
2010-05-06,295.679
2010-05-07,290.48
2010-05-10,297.84
2010-05-11,294.08
2010-05-12,294.16
2010-05-13,289.04
2010-05-14,278.48
2010-05-17,271.04
2010-05-18,267.76
2010-05-19,268.08
2010-05-20,257.6
2010-05-21,258.16
2010-05-24,257.36
2010-05-25,254.8
2010-05-26,260.72
2010-05-27,274.48
2010-05-28,272.312
2010-05-31,
2010-06-01,265.44
2010-06-02,270.32
2010-06-03,274.08
2010-06-04,261.44
2010-06-07,260.72
2010-06-08,265.52
2010-06-09,271.6
2010-06-10,278.16
2010-06-11,273.84
2010-06-14,274.64
2010-06-15,281.84
2010-06-16,283.92
2010-06-17,281.12
2010-06-18,283.28
2010-06-21,282.64
2010-06-22,280.0
2010-06-23,273.92
2010-06-24,275.12
2010-06-25,285.28
2010-06-28,281.68
2010-06-29,273.36
2010-06-30,271.68
2010-07-01,262.96
2010-07-02,260.8
2010-07-05,
2010-07-06,260.88
2010-07-07,269.2
2010-07-08,273.84
2010-07-09,274.72
2010-07-12,270.24
2010-07-13,277.92
2010-07-14,277.28
2010-07-15,276.64
2010-07-16,273.28
2010-07-19,275.68
2010-07-20,278.56
2010-07-21,273.6
2010-07-22,283.36
2010-07-23,283.12
2010-07-26,282.8
2010-07-27,277.36
2010-07-28,274.88
2010-07-29,280.48
2010-07-30,282.72
2010-08-02,291.84
2010-08-03,295.28
2010-08-04,295.2
2010-08-05,293.68
2010-08-06,289.6
2010-08-09,292.24
2010-08-10,286.96
2010-08-11,277.92
2010-08-12,271.36
2010-08-13,270.32
2010-08-16,268.88
2010-08-17,270.96
2010-08-18,269.44
2010-08-19,266.0
2010-08-20,263.6
2010-08-23,259.44
2010-08-24,254.16
2010-08-25,258.96
2010-08-26,260.96
2010-08-27,268.56
2010-08-30,264.16
2010-08-31,255.36
2010-09-01,263.6
2010-09-02,267.12
2010-09-03,264.72
2010-09-06,
2010-09-07,262.16
2010-09-08,265.12
2010-09-09,263.12
2010-09-10,270.16
2010-09-13,272.24
2010-09-14,271.12
2010-09-15,267.92
2010-09-16,263.84
2010-09-17,261.2
2010-09-20,265.752
2010-09-21,261.2
2010-09-22,260.64
2010-09-23,261.36
2010-09-24,267.2
2010-09-27,265.92
2010-09-28,265.52
2010-09-29,271.52
2010-09-30,278.72
2010-10-01,285.04
2010-10-04,284.72
2010-10-05,288.72
2010-10-06,290.24
2010-10-07,283.68
2010-10-08,289.2
2010-10-11,284.8
2010-10-12,285.2
2010-10-13,289.28
2010-10-14,288.0
2010-10-15,283.76
2010-10-18,290.24
2010-10-19,276.96
2010-10-20,284.72
2010-10-21,278.8
2010-10-22,283.92
2010-10-25,284.56
2010-10-26,285.44
2010-10-27,283.36
2010-10-28,283.12
2010-10-29,281.36
2010-11-01,286.48
2010-11-02,290.16
2010-11-03,293.92
2010-11-04,299.92
2010-11-05,301.2
2010-11-08,300.24
2010-11-09,296.4
2010-11-10,304.32
2010-11-11,302.72
2010-11-12,291.76
2010-11-15,292.0
2010-11-16,283.6
2010-11-17,277.84
2010-11-18,284.0
2010-11-19,281.76
2010-11-22,280.4
2010-11-23,279.6
2010-11-24,288.64
2010-11-25,
2010-11-26,287.76
2010-11-29,294.24
2010-11-30,288.32
2010-12-01,297.6
2010-12-02,302.16
2010-12-03,306.48
2010-12-06,305.76
2010-12-07,302.4
2010-12-08,303.68
2010-12-09,303.52
2010-12-10,301.28
2010-12-13,303.12
2010-12-14,303.2
2010-12-15,303.92
2010-12-16,302.12
2010-12-17,302.48
2010-12-20,304.4
2010-12-21,306.32
2010-12-22,309.12
2010-12-23,311.84
2010-12-24,
2010-12-27,309.68
2010-12-28,311.28
2010-12-29,310.56
2010-12-30,304.96
2010-12-31,312.0
2011-01-03,312.4
2011-01-04,304.64
2011-01-05,308.16
2011-01-06,301.44
2011-01-07,301.36
2011-01-10,305.36
2011-01-11,311.04
2011-01-12,311.92
2011-01-13,309.2
2011-01-14,311.36
2011-01-17,
2011-01-18,309.84
2011-01-19,308.32
2011-01-20,300.56
2011-01-21,300.08
2011-01-24,295.44
2011-01-25,290.16
2011-01-26,294.8
2011-01-27,287.52
2011-01-28,300.64
2011-01-31,308.88
2011-02-01,304.56
2011-02-02,305.44
2011-02-03,304.72
2011-02-04,298.72
2011-02-07,293.28
2011-02-08,293.12
2011-02-09,292.0
2011-02-10,292.32
2011-02-11,288.4
2011-02-14,287.04
2011-02-15,283.12
2011-02-16,284.24
2011-02-17,288.48
2011-02-18,290.88
2011-02-21,
2011-02-22,307.92
2011-02-23,318.4
2011-02-24,311.76
2011-02-25,317.44
2011-02-28,313.52
2011-03-01,323.84
2011-03-02,331.12
2011-03-03,329.44
2011-03-04,338.64
2011-03-07,338.96
2011-03-08,338.48
2011-03-09,336.4
2011-03-10,331.2
2011-03-11,325.52
2011-03-14,327.28
2011-03-15,315.12
2011-03-16,317.432
2011-03-17,325.537
2011-03-18,327.76
2011-03-21,329.04
2011-03-22,335.44
2011-03-23,336.88
2011-03-24,336.4
2011-03-25,337.44
2011-03-28,331.36
2011-03-29,334.64
2011-03-30,333.28
2011-03-31,340.8
2011-04-01,345.36
2011-04-04,346.08
2011-04-05,344.8
2011-04-06,346.96
2011-04-07,351.92
2011-04-08,361.2
2011-04-11,349.12
2011-04-12,338.4
2011-04-13,342.0
2011-04-14,346.24
2011-04-15,349.68
2011-04-18,343.04
2011-04-19,343.6
2011-04-20,353.76
2011-04-21,356.56
2011-04-22,
2011-04-25,356.24
2011-04-26,355.84
2011-04-27,360.16
2011-04-28,358.64
2011-04-29,361.2
2011-05-02,359.44
2011-05-03,352.64
2011-05-04,346.08
2011-05-05,314.56
2011-05-06,310.96
2011-05-09,326.96
2011-05-10,328.64
2011-05-11,314.8
2011-05-12,314.24
2011-05-13,315.52
2011-05-16,308.08
2011-05-17,308.4
2011-05-18,316.0
2011-05-19,312.56
2011-05-20,315.76
2011-05-23,307.76
2011-05-24,314.24
2011-05-25,319.44
2011-05-26,316.8
2011-05-27,317.68
2011-05-30,
2011-05-31,324.0
2011-06-01,316.16
2011-06-02,317.44
2011-06-03,317.28
2011-06-06,312.0
2011-06-07,312.4
2011-06-08,318.8
2011-06-09,321.12
2011-06-10,312.56
2011-06-13,306.08
2011-06-14,312.8
2011-06-15,300.64
2011-06-16,299.36
2011-06-17,293.04
2011-06-20,293.76
2011-06-21,294.32
2011-06-22,296.8
2011-06-23,288.08
2011-06-24,286.48
2011-06-27,285.12
2011-06-28,291.36
2011-06-29,297.84
2011-06-30,297.92
2011-07-01,297.2
2011-07-04,
2011-07-05,303.68
2011-07-06,303.12
2011-07-07,308.88
2011-07-08,302.4
2011-07-11,298.32
2011-07-12,303.44
2011-07-13,306.8
2011-07-14,300.4
2011-07-15,305.04
2011-07-18,300.72
2011-07-19,306.0
2011-07-20,307.2
2011-07-21,309.76
2011-07-22,311.44
2011-07-25,309.44
2011-07-26,310.48
2011-07-27,303.76
2011-07-28,303.28
2011-07-29,299.36
2011-08-01,297.6
2011-08-02,291.2
2011-08-03,286.88
2011-08-04,269.808
2011-08-05,271.6
2011-08-08,252.08
2011-08-09,252.96
2011-08-10,254.24
2011-08-11,266.4
2011-08-12,265.84
2011-08-15,273.76
2011-08-16,270.64
2011-08-17,272.08
2011-08-18,253.76
2011-08-19,256.96
2011-08-22,261.76
2011-08-23,267.36
2011-08-24,264.64
2011-08-25,263.76
2011-08-26,265.2
2011-08-29,271.68
2011-08-30,275.52
2011-08-31,276.08
2011-09-01,275.76
2011-09-02,269.12
2011-09-05,
2011-09-06,268.72
2011-09-07,277.52
2011-09-08,275.68
2011-09-09,270.8
2011-09-12,275.36
2011-09-13,278.8
2011-09-14,274.72
2011-09-15,276.8
2011-09-16,273.12
2011-09-19,266.32
2011-09-20,267.44
2011-09-21,263.36
2011-09-22,249.04
2011-09-23,248.72
2011-09-26,251.76
2011-09-27,258.96
2011-09-28,250.0
2011-09-29,255.76
2011-09-30,243.92
2011-10-03,237.92
2011-10-04,239.28
2011-10-05,246.72
2011-10-06,255.84
2011-10-07,256.32
2011-10-10,265.92
2011-10-11,264.08
2011-10-12,263.36
2011-10-13,261.2
2011-10-14,270.96
2011-10-17,267.44
2011-10-18,273.2
2011-10-19,266.48
2011-10-20,266.64
2011-10-21,270.8
2011-10-24,283.04
2011-10-25,286.4
2011-10-26,280.48
2011-10-27,289.68
2011-10-28,288.24
2011-10-31,285.92
2011-11-01,281.6
2011-11-02,285.36
2011-11-03,290.56
2011-11-04,291.68
2011-11-07,296.72
2011-11-08,299.44
2011-11-09,296.0
2011-11-10,301.76
2011-11-11,305.68
2011-11-14,302.88
2011-11-15,307.432
2011-11-16,314.72
2011-11-17,305.84
2011-11-18,302.56
2011-11-21,300.72
2011-11-22,302.56
2011-11-23,297.28
2011-11-24,
2011-11-25,297.28
2011-11-28,302.8
2011-11-29,308.4
2011-11-30,310.24
2011-12-01,308.88
2011-12-02,312.24
2011-12-05,312.08
2011-12-06,312.0
2011-12-07,310.48
2011-12-08,302.24
2011-12-09,308.0
2011-12-12,303.04
2011-12-13,308.88
2011-12-14,293.28
2011-12-15,289.04
2011-12-16,290.16
2011-12-19,289.6
2011-12-20,300.44
2011-12-21,304.88
2011-12-22,306.24
2011-12-23,307.92
2011-12-26,
2011-12-27,312.48
2011-12-28,306.72
2011-12-29,307.28
2011-12-30,304.88
2012-01-02,
2012-01-03,317.52
2012-01-04,318.16
2012-01-05,313.36
2012-01-06,313.76
2012-01-09,312.64
2012-01-10,314.72
2012-01-11,311.36
2012-01-12,304.48
2012-01-13,305.28
2012-01-16,
2012-01-17,310.32
2012-01-18,310.64
2012-01-19,309.52
2012-01-20,302.24
2012-01-23,307.12
2012-01-24,304.8
2012-01-25,306.8
2012-01-26,306.96
2012-01-27,306.4
2012-01-30,304.08
2012-01-31,302.56
2012-02-01,299.04
2012-02-02,297.04
2012-02-03,300.72
2012-02-06,298.64
2012-02-07,303.6
2012-02-08,304.32
2012-02-09,306.64
2012-02-10,304.16
2012-02-13,309.52
2012-02-14,310.72
2012-02-15,313.44
2012-02-16,314.24
2012-02-17,318.0
2012-02-20,
2012-02-21,324.64
2012-02-22,324.72
2012-02-23,330.96
2012-02-24,336.08
2012-02-27,329.44
2012-02-28,326.32
2012-02-29,327.36
2012-03-01,334.0
2012-03-02,326.16
2012-03-05,327.76
2012-03-06,321.04
2012-03-07,324.88
2012-03-08,326.56
2012-03-09,328.72
2012-03-12,325.6
2012-03-13,326.64
2012-03-14,323.28
2012-03-15,322.24
2012-03-16,328.24
2012-03-19,330.32
2012-03-20,323.44
2012-03-21,325.28
2012-03-22,321.12
2012-03-23,325.52
2012-03-26,326.16
2012-03-27,325.68
2012-03-28,321.52
2012-03-29,314.32
2012-03-30,313.84
2012-04-02,320.24
2012-04-03,317.28
2012-04-04,310.72
2012-04-05,314.08
2012-04-06,
2012-04-09,311.76
2012-04-10,308.08
2012-04-11,312.08
2012-04-12,315.52
2012-04-13,313.2
2012-04-16,313.44
2012-04-17,317.12
2012-04-18,312.4
2012-04-19,311.68
2012-04-20,315.12
2012-04-23,312.24
2012-04-24,313.36
2012-04-25,315.28
2012-04-26,316.24
2012-04-27,316.96
2012-04-30,317.44
2012-05-01,321.2
2012-05-02,319.12
2012-05-03,310.64
2012-05-04,298.32
2012-05-07,296.4
2012-05-08,294.96
2012-05-09,292.16
2012-05-10,292.88
2012-05-11,290.08
2012-05-14,284.88
2012-05-15,282.24
2012-05-16,280.4
2012-05-17,280.32
2012-05-18,275.44
2012-05-21,281.2
2012-05-22,275.84
2012-05-23,272.72
2012-05-24,274.08
2012-05-25,273.76
2012-05-28,
2012-05-29,273.84
2012-05-30,264.16
2012-05-31,260.88
2012-06-01,251.44
2012-06-04,254.08
2012-06-05,254.08
2012-06-06,257.2
2012-06-07,253.76
2012-06-08,254.4
2012-06-11,245.592
2012-06-12,251.32
2012-06-13,248.8
2012-06-14,253.84
2012-06-15,253.04
2012-06-18,250.56
2012-06-19,253.44
2012-06-20,243.92
2012-06-21,235.64
2012-06-22,240.8
2012-06-25,238.4
2012-06-26,238.48
2012-06-27,241.6
2012-06-28,236.0
2012-06-29,254.64
2012-07-02,251.44
2012-07-03,263.52
2012-07-04,
2012-07-05,260.96
2012-07-06,252.72
2012-07-09,257.36
2012-07-10,252.16
2012-07-11,258.64
2012-07-12,257.6
2012-07-13,261.44
2012-07-16,264.96
2012-07-17,267.04
2012-07-18,269.52
2012-07-19,277.12
2012-07-20,273.6
2012-07-23,264.0
2012-07-24,265.2
2012-07-25,265.68
2012-07-26,267.28
2012-07-27,269.36
2012-07-30,267.6
2012-07-31,261.44
2012-08-01,265.36
2012-08-02,260.8
2012-08-03,272.56
2012-08-06,275.36
2012-08-07,279.28
2012-08-08,278.96
2012-08-09,279.44
2012-08-10,278.8
2012-08-13,277.28
2012-08-14,279.36
2012-08-15,281.52
2012-08-16,284.48
2012-08-17,287.6
2012-08-20,286.64
2012-08-21,287.84
2012-08-22,289.76
2012-08-23,286.08
2012-08-24,285.44
2012-08-27,284.88
2012-08-28,286.32
2012-08-29,283.04
2012-08-30,282.08
2012-08-31,287.12
2012-09-03,
2012-09-04,284.08
2012-09-05,284.56
2012-09-06,281.84
2012-09-07,287.04
2012-09-10,286.8
2012-09-11,288.88
2012-09-12,288.32
2012-09-13,292.08
2012-09-14,294.72
2012-09-17,286.0
2012-09-18,284.56
2012-09-19,272.96
2012-09-20,276.08
2012-09-21,275.92
2012-09-24,272.72
2012-09-25,270.0
2012-09-26,266.72
2012-09-27,273.2
2012-09-28,272.96
2012-10-01,274.0
2012-10-02,272.16
2012-10-03,260.88
2012-10-04,271.52
2012-10-05,266.8
2012-10-08,265.76
2012-10-09,273.44
2012-10-10,270.72
2012-10-11,274.32
2012-10-12,272.0
2012-10-15,272.0
2012-10-16,273.08
2012-10-17,272.8
2012-10-18,272.56
2012-10-19,266.72
2012-10-22,263.2
2012-10-23,255.76
2012-10-24,253.04
2012-10-25,254.24
2012-10-26,254.32
2012-10-29,
2012-10-30,
2012-10-31,254.24
2012-11-01,256.48
2012-11-02,250.8
2012-11-05,252.88
2012-11-06,260.48
2012-11-07,249.675
2012-11-08,250.4
2012-11-09,253.84
2012-11-12,252.72
2012-11-13,251.28
2012-11-14,254.16
2012-11-15,251.92
2012-11-16,255.421
2012-11-19,261.36
2012-11-20,255.6
2012-11-21,256.96
2012-11-22,
2012-11-23,258.56
2012-11-26,257.52
2012-11-27,255.84
2012-11-28,254.32
2012-11-29,257.36
2012-11-30,260.48
2012-12-03,260.8
2012-12-04,259.24
2012-12-05,257.76
2012-12-06,253.28
2012-12-07,252.24
2012-12-10,251.12
2012-12-11,251.76
2012-12-12,254.24
2012-12-13,252.64
2012-12-14,254.48
2012-12-17,256.04
2012-12-18,257.44
2012-12-19,261.36
2012-12-20,261.84
2012-12-21,258.88
2012-12-24,257.92
2012-12-25,
2012-12-26,265.2
2012-12-27,265.52
2012-12-28,264.32
2012-12-31,266.96
2013-01-01,
2013-01-02,270.56
2013-01-03,269.92
2013-01-04,271.04
2013-01-07,271.36
2013-01-08,271.68
2013-01-09,271.04
2013-01-10,273.36
2013-01-11,272.48
2013-01-14,274.24
2013-01-15,271.92
2013-01-16,274.24
2013-01-17,277.36
2013-01-18,278.16
2013-01-21,
2013-01-22,280.08
2013-01-23,276.88
2013-01-24,278.08
2013-01-25,278.24
2013-01-28,279.52
2013-01-29,282.32
2013-01-30,283.92
2013-01-31,282.24
2013-02-01,282.8
2013-02-04,278.24
2013-02-05,280.24
2013-02-06,280.32
2013-02-07,277.44
2013-02-08,277.6
2013-02-11,280.96
2013-02-12,282.24
2013-02-13,281.52
2013-02-14,282.16
2013-02-15,277.76
2013-02-18,
2013-02-19,279.68
2013-02-20,273.36
2013-02-21,267.44
2013-02-22,268.8
2013-02-25,265.68
2013-02-26,266.64
2013-02-27,267.2
2013-02-28,264.48
2013-03-01,261.92
2013-03-04,259.2
2013-03-05,261.52
2013-03-06,260.32
2013-03-07,263.52
2013-03-08,264.4
2013-03-11,264.32
2013-03-12,266.08
2013-03-13,265.52
2013-03-14,267.36
2013-03-15,268.8
2013-03-18,269.2
2013-03-19,264.56
2013-03-20,267.6
2013-03-21,264.4
2013-03-22,268.88
2013-03-25,270.8
2013-03-26,275.6
2013-03-27,276.4
2013-03-28,278.0
2013-03-29,
2013-04-01,277.44
2013-04-02,277.2
2013-04-03,270.08
2013-04-04,267.12
2013-04-05,266.24
2013-04-08,267.92
2013-04-09,269.12
2013-04-10,270.64
2013-04-11,267.68
2013-04-12,260.24
2013-04-15,251.92
2013-04-16,254.08
2013-04-17,248.08
2013-04-18,253.12
2013-04-19,251.12
2013-04-22,254.56
2013-04-23,254.88
2013-04-24,261.272
2013-04-25,266.0
2013-04-26,264.96
2013-04-29,268.88
2013-04-30,265.28
2013-05-01,259.12
2013-05-02,267.92
2013-05-03,272.08
2013-05-06,273.12
2013-05-07,272.08
2013-05-08,275.2
2013-05-09,273.36
2013-05-10,273.12
2013-05-13,270.88
2013-05-14,268.48
2013-05-15,268.88
2013-05-16,270.96
2013-05-17,273.68
2013-05-20,275.512
2013-05-21,272.88
2013-05-22,267.68
2013-05-23,268.32
2013-05-24,266.96
2013-05-27,
2013-05-28,270.32
2013-05-29,264.8
2013-05-30,266.0
2013-05-31,260.88
2013-06-03,265.28
2013-06-04,265.6
2013-06-05,266.08
2013-06-06,268.96
2013-06-07,273.28
2013-06-10,272.0
2013-06-11,270.32
2013-06-12,272.24
2013-06-13,274.64
2013-06-14,277.92
2013-06-17,278.08
2013-06-18,279.68
2013-06-19,278.24
2013-06-20,269.04
2013-06-21,265.84
2013-06-24,269.12
2013-06-25,269.92
2013-06-26,270.4
2013-06-27,274.64
2013-06-28,273.44
2013-07-01,277.36
2013-07-02,281.68
2013-07-03,286.72
2013-07-04,
2013-07-05,292.48
2013-07-08,291.28
2013-07-09,294.16
2013-07-10,299.44
2013-07-11,296.08
2013-07-12,300.48
2013-07-15,301.36
2013-07-16,299.84
2013-07-17,302.4
2013-07-18,306.72
2013-07-19,307.6
2013-07-22,303.36
2013-07-23,304.72
2013-07-24,299.2
2013-07-25,300.64
2013-07-26,297.68
2013-07-29,297.04
2013-07-30,293.36
2013-07-31,298.88
2013-08-01,306.16
2013-08-02,303.52
2013-08-05,302.64
2013-08-06,299.68
2013-08-07,296.08
2013-08-08,294.72
2013-08-09,300.72
2013-08-12,302.08
2013-08-13,303.2
2013-08-14,304.72
2013-08-15,305.92
2013-08-16,307.2
2013-08-19,305.36
2013-08-20,300.16
2013-08-21,297.36
2013-08-22,300.32
2013-08-23,303.6
2013-08-26,303.68
2013-08-27,310.96
2013-08-28,312.64
2013-08-29,308.64
2013-08-30,307.84
2013-09-02,
2013-09-03,310.08
2013-09-04,306.72
2013-09-05,309.52
2013-09-06,314.88
2013-09-09,311.52
2013-09-10,306.68
2013-09-11,307.84
2013-09-12,310.92
2013-09-13,310.8
2013-09-16,304.88
2013-09-17,301.92
2013-09-18,309.44
2013-09-19,304.64
2013-09-20,302.16
2013-09-23,298.16
2013-09-24,297.76
2013-09-25,295.04
2013-09-26,296.64
2013-09-27,295.68
2013-09-30,294.8
2013-10-01,293.44
2013-10-02,299.36
2013-10-03,297.12
2013-10-04,298.48
2013-10-07,297.12
2013-10-08,298.48
2013-10-09,292.4
2013-10-10,296.8
2013-10-11,294.0
2013-10-14,294.96
2013-10-15,291.76
2013-10-16,295.36
2013-10-17,291.04
2013-10-18,291.6
2013-10-21,287.52
2013-10-22,283.28
2013-10-23,279.6
2013-10-24,279.92
2013-10-25,282.56
2013-10-28,284.4
2013-10-29,283.28
2013-10-30,278.8
2013-10-31,277.52
2013-11-01,273.032
2013-11-04,272.32
2013-11-05,269.36
2013-11-06,273.512
2013-11-07,271.76
2013-11-08,272.08
2013-11-11,274.08
2013-11-12,269.12
2013-11-13,271.2
2013-11-14,271.44
2013-11-15,271.04
2013-11-18,268.96
2013-11-19,269.76
2013-11-20,269.04
2013-11-21,273.36
2013-11-22,272.32
2013-11-25,270.56
2013-11-26,269.52
2013-11-27,265.52
2013-11-28,
2013-11-29,267.68
2013-12-02,269.44
2013-12-03,276.08
2013-12-04,279.04
2013-12-05,279.44
2013-12-06,280.4
2013-12-09,279.28
2013-12-10,282.48
2013-12-11,279.84
2013-12-12,279.76
2013-12-13,277.12
2013-12-16,279.52
2013-12-17,278.96
2013-12-18,280.24
2013-12-19,282.56
2013-12-20,283.84
2013-12-23,282.88
2013-12-24,283.92
2013-12-25,
2013-12-26,285.2
2013-12-27,286.72
2013-12-30,284.24
2013-12-31,282.56
2014-01-01,
2014-01-02,273.84
2014-01-03,270.0
2014-01-06,268.56
2014-01-07,268.64
2014-01-08,265.28
2014-01-09,264.64
2014-01-10,265.52
2014-01-13,262.48
2014-01-14,264.32
2014-01-15,270.16
2014-01-16,269.2
2014-01-17,269.52
2014-01-20,
2014-01-21,271.92
2014-01-22,276.48
2014-01-23,277.76
2014-01-24,276.64
2014-01-27,273.84
2014-01-28,277.52
2014-01-29,277.84
2014-01-30,279.6
2014-01-31,278.4
2014-02-03,276.16
2014-02-04,277.92
2014-02-05,277.68
2014-02-06,279.2
2014-02-07,285.12
2014-02-10,285.04
2014-02-11,285.12
2014-02-12,286.4
2014-02-13,286.96
2014-02-14,287.28
2014-02-17,
2014-02-18,293.28
2014-02-19,295.2
2014-02-20,295.04
2014-02-21,293.52
2014-02-24,294.32
2014-02-25,292.72
2014-02-26,294.0
2014-02-27,293.52
2014-02-28,293.92
2014-03-03,300.16
2014-03-04,296.48
2014-03-05,289.92
2014-03-06,292.56
2014-03-07,294.24
2014-03-10,290.4
2014-03-11,286.48
2014-03-12,282.8
2014-03-13,282.72
2014-03-14,284.24
2014-03-17,281.2
2014-03-18,284.64
2014-03-19,285.68
2014-03-20,284.64
2014-03-21,286.72
2014-03-24,286.56
2014-03-25,286.16
2014-03-26,288.72
2014-03-27,292.0
2014-03-28,292.96
2014-03-31,292.72
2014-04-01,286.64
2014-04-02,286.4
2014-04-03,289.12
2014-04-04,291.44
2014-04-07,290.24
2014-04-08,295.2
2014-04-09,297.76
2014-04-10,297.6
2014-04-11,297.44
2014-04-14,299.04
2014-04-15,299.12
2014-04-16,299.84
2014-04-17,301.28
2014-04-18,
2014-04-21,301.12
2014-04-22,296.0
2014-04-23,295.28
2014-04-24,296.4
2014-04-25,292.8
2014-04-28,293.68
2014-04-29,293.76
2014-04-30,290.56
2014-05-01,289.28
2014-05-02,290.32
2014-05-05,289.12
2014-05-06,289.52
2014-05-07,292.8
2014-05-08,291.92
2014-05-09,291.2
2014-05-12,292.72
2014-05-13,296.32
2014-05-14,297.44
2014-05-15,296.32
2014-05-16,297.84
2014-05-19,299.04
2014-05-20,300.16
2014-05-21,303.84
2014-05-22,304.08
2014-05-23,305.44
2014-05-26,
2014-05-27,305.12
2014-05-28,301.44
2014-05-29,303.28
2014-05-30,301.44
2014-06-02,300.24
2014-06-03,301.12
2014-06-04,300.08
2014-06-05,300.4
2014-06-06,300.88
2014-06-09,305.44
2014-06-10,306.24
2014-06-11,306.0
2014-06-12,312.64
2014-06-13,312.96
2014-06-16,313.36
2014-06-17,311.92
2014-06-18,312.08
2014-06-19,313.04
2014-06-20,314.56
2014-06-23,313.28
2014-06-24,312.72
2014-06-25,314.32
2014-06-26,311.76
2014-06-27,311.84
2014-06-30,311.04
2014-07-01,310.88
2014-07-02,307.2
2014-07-03,306.0
2014-07-04,
2014-07-07,305.36
2014-07-08,305.44
2014-07-09,301.52
2014-07-10,303.2
2014-07-11,297.28
2014-07-14,298.56
2014-07-15,295.04
2014-07-16,298.48
2014-07-17,302.64
2014-07-18,301.76
2014-07-21,304.8
2014-07-22,303.6
2014-07-23,305.28
2014-07-24,302.56
2014-07-25,302.16
2014-07-28,301.12
2014-07-29,299.12
2014-07-30,295.36
2014-07-31,290.52
2014-08-01,289.52
2014-08-04,291.84
2014-08-05,289.28
2014-08-06,287.6
2014-08-07,289.28
2014-08-08,288.96
2014-08-11,289.76
2014-08-12,287.92
2014-08-13,288.16
2014-08-14,280.88
2014-08-15,283.52
2014-08-18,280.48
2014-08-19,277.68
2014-08-20,278.88
2014-08-21,280.72
2014-08-22,279.68
2014-08-25,278.96
2014-08-26,280.32
2014-08-27,280.24
2014-08-28,282.56
2014-08-29,286.08
2014-09-01,
2014-09-02,278.32
2014-09-03,284.4
2014-09-04,282.4
2014-09-05,279.2
2014-09-08,277.6
2014-09-09,276.96
2014-09-10,274.08
2014-09-11,277.52
2014-09-12,275.04
2014-09-15,276.48
2014-09-16,282.0
2014-09-17,280.08
2014-09-18,276.96
2014-09-19,276.56
2014-09-22,273.52
2014-09-23,275.52
2014-09-24,280.0
2014-09-25,278.64
2014-09-26,281.28
2014-09-29,284.16
2014-09-30,275.28
2014-10-01,273.2
2014-10-02,274.96
2014-10-03,270.16
2014-10-06,272.32
2014-10-07,267.52
2014-10-08,264.0
2014-10-09,256.88
2014-10-10,257.44
2014-10-13,255.92
2014-10-14,246.8
2014-10-15,245.36
2014-10-16,248.8
2014-10-17,250.0
2014-10-20,249.12
2014-10-21,250.4
2014-10-22,244.4
2014-10-23,248.48
2014-10-24,247.04
2014-10-27,245.12
2014-10-28,246.56
2014-10-29,249.84
2014-10-30,246.08
2014-10-31,245.04
2014-11-03,238.08
2014-11-04,234.4
2014-11-05,239.6
2014-11-06,236.8
2014-11-07,238.08
2014-11-10,234.72
2014-11-11,235.36
2014-11-12,233.12
2014-11-13,226.32
2014-11-14,230.64
2014-11-17,229.432
2014-11-18,225.6
2014-11-19,226.0
2014-11-20,229.84
2014-11-21,232.8
2014-11-24,229.92
2014-11-25,224.24
2014-11-26,223.2
2014-11-27,
2014-11-28,204.64
2014-12-01,210.52
2014-12-02,204.64
2014-12-03,204.64
2014-12-04,202.72
2014-12-05,199.68
2014-12-08,191.28
2014-12-09,193.6
2014-12-10,186.24
2014-12-11,181.44
2014-12-12,175.44
2014-12-15,168.48
2014-12-16,170.4
2014-12-17,170.72
2014-12-18,165.92
2014-12-19,175.68
2014-12-22,167.36
2014-12-23,172.48
2014-12-24,168.4
2014-12-25,
2014-12-26,166.24
2014-12-29,162.4
2014-12-30,162.344
2014-12-31,162.88
2015-01-01,
2015-01-02,159.12
2015-01-05,150.32
2015-01-06,144.4
2015-01-07,146.952
2015-01-08,148.4
2015-01-09,146.24
2015-01-12,139.28
2015-01-13,140.96
2015-01-14,146.16
2015-01-15,139.6
2015-01-16,146.64
2015-01-19,
2015-01-20,139.84
2015-01-21,142.16
2015-01-22,139.28
2015-01-23,136.0
2015-01-26,134.96
2015-01-27,137.68
2015-01-28,132.48
2015-01-29,133.44
2015-01-30,142.56
2015-02-02,148.96
2015-02-03,156.96
2015-02-04,146.24
2015-02-05,152.24
2015-02-06,155.76
2015-02-09,158.16
2015-02-10,151.52
2015-02-11,148.08
2015-02-12,153.44
2015-02-13,156.96
2015-02-16,
2015-02-17,158.32
2015-02-18,154.08
2015-02-19,152.8
2015-02-20,149.2
2015-02-23,144.88
2015-02-24,144.32
2015-02-25,149.2
2015-02-26,144.24
2015-02-27,144.8
2015-03-02,146.56
2015-03-03,147.92
2015-03-04,152.08
2015-03-05,149.68
2015-03-06,145.92
2015-03-09,146.8
2015-03-10,143.28
2015-03-11,142.16
2015-03-12,139.52
2015-03-13,134.401
2015-03-16,130.8
2015-03-17,127.68
2015-03-18,134.08
2015-03-19,128.64
2015-03-20,131.44
2015-03-23,134.24
2015-03-24,134.32
2015-03-25,138.88
2015-03-26,145.68
2015-03-27,137.12
2015-03-30,137.84
2015-03-31,134.72
2015-04-01,140.64
2015-04-02,140.48
2015-04-03,
2015-04-06,147.44
2015-04-07,152.48
2015-04-08,144.56
2015-04-09,144.24
2015-04-10,147.28
2015-04-13,148.0
2015-04-14,150.56
2015-04-15,157.68
2015-04-16,159.52
2015-04-17,158.72
2015-04-20,159.12
2015-04-21,155.6
2015-04-22,154.88
2015-04-23,158.08
2015-04-24,157.36
2015-04-27,156.16
2015-04-28,156.8
2015-04-29,160.96
2015-04-30,164.08
2015-05-01,163.2
2015-05-04,162.24
2015-05-05,166.08
2015-05-06,166.56
2015-05-07,161.6
2015-05-08,163.36
2015-05-11,163.04
2015-05-12,165.92
2015-05-13,164.88
2015-05-14,164.24
2015-05-15,164.16
2015-05-18,163.52
2015-05-19,157.04
2015-05-20,158.72
2015-05-21,164.0
2015-05-22,162.0
2015-05-25,
2015-05-26,157.52
2015-05-27,155.84
2015-05-28,156.48
2015-05-29,162.48
2015-06-01,162.88
2015-06-02,165.44
2015-06-03,161.36
2015-06-04,157.28
2015-06-05,159.2
2015-06-08,157.68
2015-06-09,161.68
2015-06-10,165.12
2015-06-11,163.92
2015-06-12,162.16
2015-06-15,161.2
2015-06-16,162.08
2015-06-17,161.68
2015-06-18,162.88
2015-06-19,160.16
2015-06-22,161.28
2015-06-23,163.76
2015-06-24,161.68
2015-06-25,159.84
2015-06-26,159.84
2015-06-29,156.08
2015-06-30,159.04
2015-07-01,152.8
2015-07-02,151.44
2015-07-03,
2015-07-06,141.84
2015-07-07,142.08
2015-07-08,139.04
2015-07-09,141.68
2015-07-10,141.36
2015-07-13,140.08
2015-07-14,141.76
2015-07-15,137.84
2015-07-16,136.4
2015-07-17,135.92
2015-07-20,133.52
2015-07-21,135.28
2015-07-22,130.72
2015-07-23,129.12
2015-07-24,128.24
2015-07-27,125.2
2015-07-28,126.8
2015-07-29,129.92
2015-07-30,128.8
2015-07-31,124.72
2015-08-03,120.8
2015-08-04,121.76
2015-08-05,120.24
2015-08-06,118.96
2015-08-07,116.48
2015-08-10,119.12
2015-08-11,115.92
2015-08-12,115.52
2015-08-13,112.72
2015-08-14,111.92
2015-08-17,111.12
2015-08-18,112.4
2015-08-19,107.44
2015-08-20,106.96
2015-08-21,105.84
2015-08-24,99.92
2015-08-25,101.84
2015-08-26,102.16
2015-08-27,111.6
2015-08-28,119.04
2015-08-31,127.12
2015-09-01,118.48
2015-09-02,120.72
2015-09-03,122.72
2015-09-04,120.64
2015-09-07,
2015-09-08,120.16
2015-09-09,116.08
2015-09-10,119.44
2015-09-11,117.2
2015-09-14,115.12
2015-09-15,116.56
2015-09-16,122.88
2015-09-17,121.84
2015-09-18,116.96
2015-09-21,120.4
2015-09-22,119.36
2015-09-23,115.52
2015-09-24,116.72
2015-09-25,117.76
2015-09-28,115.04
2015-09-29,116.88
2015-09-30,117.44
2015-10-01,116.64
2015-10-02,118.16
2015-10-05,120.0
2015-10-06,125.92
2015-10-07,124.56
2015-10-08,128.32
2015-10-09,127.92
2015-10-12,122.48
2015-10-13,120.48
2015-10-14,120.4
2015-10-15,121.04
2015-10-16,121.76
2015-10-19,118.64
2015-10-20,117.84
2015-10-21,115.44
2015-10-22,116.08
2015-10-23,114.16
2015-10-26,112.08
2015-10-27,110.56
2015-10-28,117.52
2015-10-29,117.04
2015-10-30,118.48
2015-11-02,118.0
2015-11-03,122.24
2015-11-04,118.8
2015-11-05,115.84
2015-11-06,113.84
2015-11-09,112.64
2015-11-10,112.72
2015-11-11,110.08
2015-11-12,106.8
2015-11-13,104.48
2015-11-16,107.12
2015-11-17,104.08
2015-11-18,104.4
2015-11-19,103.68
2015-11-20,103.44
2015-11-23,104.16
2015-11-24,106.56
2015-11-25,107.12
2015-11-26,
2015-11-27,104.24
2015-11-30,103.44
2015-12-01,103.6
2015-12-02,99.84
2015-12-03,102.16
2015-12-04,99.68
2015-12-07,93.76
2015-12-08,93.44
2015-12-09,92.48
2015-12-10,90.96
2015-12-11,88.56
2015-12-14,89.28
2015-12-15,91.2
2015-12-16,87.92
2015-12-17,85.92
2015-12-18,85.28
2015-12-21,85.28
2015-12-22,86.16
2015-12-23,90.08
2015-12-24,90.4
2015-12-25,
2015-12-28,87.44
2015-12-29,90.08
2015-12-30,87.44
2015-12-31,88.0
2016-01-01,
2016-01-04,87.84
2016-01-05,85.28
2016-01-06,80.88
2016-01-07,79.2
2016-01-08,78.4
2016-01-11,74.0
2016-01-12,73.36
2016-01-13,72.72
2016-01-14,73.84
2016-01-15,70.32
2016-01-18,
2016-01-19,67.92
2016-01-20,65.92
2016-01-21,68.48
2016-01-22,74.16
2016-01-25,68.32
2016-01-26,71.76
2016-01-27,73.44
2016-01-28,77.6
2016-01-29,77.2
2016-02-01,72.16
2016-02-02,68.56
2016-02-03,74.72
2016-02-04,72.96
2016-02-05,71.28
2016-02-08,69.12
2016-02-09,65.44
2016-02-10,63.68
2016-02-11,63.9385
2016-02-12,66.64
2016-02-15,
2016-02-16,66.48
2016-02-17,70.24
2016-02-18,69.28
2016-02-19,68.4
2016-02-22,71.28
2016-02-23,67.84
2016-02-24,68.72
2016-02-25,70.4
2016-02-26,70.24
2016-02-29,72.0
2016-03-01,73.2
2016-03-02,74.4
2016-03-03,74.0
2016-03-04,77.2
2016-03-07,80.88
2016-03-08,77.2
2016-03-09,81.2
2016-03-10,80.32
2016-03-11,81.52
2016-03-14,79.04
2016-03-15,77.6
2016-03-16,81.44
2016-03-17,84.4
2016-03-18,83.84
2016-03-21,84.72
2016-03-22,84.32
2016-03-23,80.88
2016-03-24,80.48
2016-03-25,
2016-03-28,80.08
2016-03-29,78.4
2016-03-30,77.84
2016-03-31,77.6
2016-04-01,74.6335
2016-04-04,72.64
2016-04-05,73.04
2016-04-06,76.8
2016-04-07,76.08
2016-04-08,80.24
2016-04-11,82.24
2016-04-12,85.12
2016-04-13,84.08
2016-04-14,83.84
2016-04-15,82.0
2016-04-18,81.36
2016-04-19,83.52
2016-04-20,86.08
2016-04-21,85.76
2016-04-22,86.08
2016-04-25,84.4
2016-04-26,86.48
2016-04-27,89.12
2016-04-28,89.76
2016-04-29,90.4
2016-05-02,88.4
2016-05-03,85.92
2016-05-04,86.32
2016-05-05,87.2
2016-05-06,87.68
2016-05-09,85.44
2016-05-10,87.92
2016-05-11,90.72
2016-05-12,91.6
2016-05-13,90.96
2016-05-16,94.08
2016-05-17,95.36
2016-05-18,93.6
2016-05-19,94.32
2016-05-20,94.0
2016-05-23,93.28
2016-05-24,94.56
2016-05-25,96.24
2016-05-26,95.6
2016-05-27,95.84
2016-05-30,
2016-05-31,94.96
2016-06-01,95.44
2016-06-02,94.88
2016-06-03,94.56
2016-06-06,96.32
2016-06-07,97.76
2016-06-08,99.44
2016-06-09,98.0
2016-06-10,94.96
2016-06-13,94.08
2016-06-14,93.84
2016-06-15,91.76
2016-06-16,89.12
2016-06-17,93.28
2016-06-20,95.28
2016-06-21,95.12
2016-06-22,93.92
2016-06-23,95.84
2016-06-24,91.2
2016-06-27,89.52
2016-06-28,91.76
2016-06-29,94.32
2016-06-30,92.56
2016-07-01,94.24
2016-07-04,
2016-07-05,89.44
2016-07-06,90.64
2016-07-07,86.56
2016-07-08,86.64
2016-07-11,85.2
2016-07-12,89.52
2016-07-13,86.0
2016-07-14,86.96
2016-07-15,87.92
2016-07-18,86.56
2016-07-19,85.6
2016-07-20,85.84
2016-07-21,83.92
2016-07-22,83.36
2016-07-25,81.04
2016-07-26,80.64
2016-07-27,79.2
2016-07-28,77.36
2016-07-29,78.08
2016-08-01,75.28
2016-08-02,74.64
2016-08-03,77.52
2016-08-04,78.72
2016-08-05,78.88
2016-08-08,80.8
2016-08-09,80.56
2016-08-10,78.16
2016-08-11,81.68
2016-08-12,84.0
2016-08-15,86.08
2016-08-16,87.36
2016-08-17,87.92
2016-08-18,90.4
2016-08-19,90.72
2016-08-22,87.76
2016-08-23,88.7265
2016-08-24,86.56
2016-08-25,87.6
2016-08-26,87.6
2016-08-29,86.8
2016-08-30,85.84
2016-08-31,82.88
2016-09-01,80.48
2016-09-02,81.92
2016-09-05,
2016-09-06,83.12
2016-09-07,84.16
2016-09-08,87.68
2016-09-09,84.72
2016-09-12,85.12
2016-09-13,82.96
2016-09-14,80.72
2016-09-15,81.12
2016-09-16,80.0
2016-09-19,79.84
2016-09-20,80.56
2016-09-21,83.2
2016-09-22,84.24
2016-09-23,81.52
2016-09-26,83.44
2016-09-27,81.2
2016-09-28,85.2
2016-09-29,86.96
2016-09-30,87.44
2016-10-03,88.8
2016-10-04,88.72
2016-10-05,90.8
2016-10-06,92.08
2016-10-07,90.64
2016-10-10,93.36
2016-10-11,92.64
2016-10-12,91.44
2016-10-13,91.92
2016-10-14,91.52
2016-10-17,90.96
2016-10-18,91.6
2016-10-19,93.28
2016-10-20,91.44
2016-10-21,91.84
2016-10-24,91.44
2016-10-25,89.92
2016-10-26,88.72
2016-10-27,89.68
2016-10-28,88.08
2016-10-31,84.24
2016-11-01,84.56
2016-11-02,82.24
2016-11-03,80.64
2016-11-04,79.84
2016-11-07,81.28
2016-11-08,80.8
2016-11-09,82.24
2016-11-10,80.32
2016-11-11,78.16
2016-11-14,78.96
2016-11-15,82.72
2016-11-16,81.84
2016-11-17,81.04
2016-11-18,82.56
2016-11-21,86.16
2016-11-22,85.04
2016-11-23,85.36
2016-11-24,
2016-11-25,82.64
2016-11-28,83.52
2016-11-29,80.48
2016-11-30,87.44
2016-12-01,90.64
2016-12-02,91.84
2016-12-05,90.8
2016-12-06,90.32
2016-12-07,88.72
2016-12-08,90.48
2016-12-09,91.52
2016-12-12,92.96
2016-12-13,93.84
2016-12-14,90.56
2016-12-15,90.88
2016-12-16,92.4
2016-12-19,92.0
2016-12-20,92.96
2016-12-21,91.52
2016-12-22,91.68
2016-12-23,92.48
2016-12-26,
2016-12-27,93.84
2016-12-28,94.0
2016-12-29,93.76
2016-12-30,93.76
2017-01-02,
2017-01-03,91.52
2017-01-04,92.64
2017-01-05,93.6
2017-01-06,93.44
2017-01-09,90.48
2017-01-10,88.56
2017-01-11,90.96
2017-01-12,92.32
2017-01-13,91.28
2017-01-16,
2017-01-17,91.44
2017-01-18,89.28
2017-01-19,89.36
2017-01-20,91.12
2017-01-23,90.56
2017-01-24,90.96
2017-01-25,90.48
2017-01-26,92.24
2017-01-27,91.2
2017-01-30,90.24
2017-01-31,90.56
2017-02-01,91.84
2017-02-02,92.08
2017-02-03,92.32
2017-02-06,91.04
2017-02-07,89.52
2017-02-08,89.84
2017-02-09,90.8
2017-02-10,92.0
2017-02-13,90.56
2017-02-14,91.04
2017-02-15,90.88
2017-02-16,91.28
2017-02-17,91.12
2017-02-20,
2017-02-21,92.32
2017-02-22,90.88
2017-02-23,92.24
2017-02-24,91.68
2017-02-27,91.76
2017-02-28,91.6
2017-03-01,91.2
2017-03-02,89.36
2017-03-03,90.32
2017-03-06,90.24
2017-03-07,90.16
2017-03-08,85.36
2017-03-09,84.24
2017-03-10,82.32
2017-03-13,82.24
2017-03-14,81.52
2017-03-15,83.04
2017-03-16,82.88
2017-03-17,82.64
2017-03-20,82.204
2017-03-21,80.88
2017-03-22,80.96
2017-03-23,80.08
2017-03-24,80.72
2017-03-27,80.32
2017-03-28,81.2
2017-03-29,82.96
2017-03-30,84.56
2017-03-31,85.12
2017-04-03,84.4
2017-04-04,85.68
2017-04-05,85.44
2017-04-06,86.88
2017-04-07,87.68
2017-04-10,89.12
2017-04-11,89.36
2017-04-12,88.88
2017-04-13,89.04
2017-04-14,
2017-04-17,88.48
2017-04-18,88.32
2017-04-19,84.96
2017-04-20,84.32
2017-04-21,82.56
2017-04-24,82.0
2017-04-25,82.88
2017-04-26,82.08
2017-04-27,81.92
2017-04-28,81.92
2017-05-01,81.2
2017-05-02,79.36
2017-05-03,79.44
2017-05-04,75.68
2017-05-05,77.28
2017-05-08,77.36
2017-05-09,76.56
2017-05-10,78.88
2017-05-11,79.52
2017-05-12,79.6
2017-05-15,81.36
2017-05-16,80.88
2017-05-17,81.52
2017-05-18,82.08
2017-05-19,83.84
2017-05-22,84.32
2017-05-23,85.12
2017-05-24,84.8
2017-05-25,80.32
2017-05-26,82.24
2017-05-29,
2017-05-30,81.92
2017-05-31,79.68
2017-06-01,79.28
2017-06-02,78.88
2017-06-05,78.4
2017-06-06,79.76
2017-06-07,75.68
2017-06-08,75.44
2017-06-09,75.92
2017-06-12,76.16
2017-06-13,76.8
2017-06-14,73.84
2017-06-15,73.44
2017-06-16,73.92
2017-06-19,72.96
2017-06-20,71.6
2017-06-21,69.68
2017-06-22,70.24
2017-06-23,70.88
2017-06-26,71.44
2017-06-27,72.8
2017-06-28,73.6
2017-06-29,73.68
2017-06-30,76.0
2017-07-03,76.96
2017-07-04,
2017-07-05,74.0
2017-07-06,74.48
2017-07-07,72.8
2017-07-10,73.04
2017-07-11,74.16
2017-07-12,74.64
2017-07-13,75.76
2017-07-14,76.72
2017-07-17,75.6
2017-07-18,76.32
2017-07-19,77.52
2017-07-20,76.88
2017-07-21,74.72
2017-07-24,76.0
2017-07-25,78.48
2017-07-26,79.68
2017-07-27,80.48
2017-07-28,81.36
2017-07-31,82.24
2017-08-01,80.72
2017-08-02,81.12
2017-08-03,80.16
2017-08-04,81.04
2017-08-07,80.8
2017-08-08,80.48
2017-08-09,81.2
2017-08-10,79.28
2017-08-11,79.92
2017-08-14,77.76
2017-08-15,78.0
2017-08-16,76.56
2017-08-17,76.96
2017-08-18,79.76
2017-08-21,77.68
2017-08-22,78.16
2017-08-23,79.04
2017-08-24,77.68
2017-08-25,78.0
2017-08-28,76.24
2017-08-29,75.68
2017-08-30,75.04
2017-08-31,77.04
2017-09-01,77.36
2017-09-04,
2017-09-05,79.36
2017-09-06,80.32
2017-09-07,80.24
2017-09-08,77.84
2017-09-11,78.56
2017-09-12,78.96
2017-09-13,80.56
2017-09-14,81.04
2017-09-15,81.6
2017-09-18,81.36
2017-09-19,80.88
2017-09-20,81.92
2017-09-21,82.0
2017-09-22,81.92
2017-09-25,84.4
2017-09-26,83.92
2017-09-27,84.16
2017-09-28,83.44
2017-09-29,83.44
2017-10-02,81.68
2017-10-03,81.44
2017-10-04,80.64
2017-10-05,82.0
2017-10-06,79.76
2017-10-09,80.0
2017-10-10,82.24
2017-10-11,82.88
2017-10-12,81.84
2017-10-13,82.96
2017-10-16,83.68
2017-10-17,83.92
2017-10-18,83.84
2017-10-19,82.8
2017-10-20,83.44
2017-10-23,83.36
2017-10-24,84.32
2017-10-25,83.84
2017-10-26,84.56
2017-10-27,86.72
2017-10-30,86.96
2017-10-31,87.44
2017-11-01,87.2
2017-11-02,87.92
2017-11-03,89.44
2017-11-06,92.08
2017-11-07,91.92
2017-11-08,91.28
2017-11-09,91.68
2017-11-10,91.36
2017-11-13,91.04
2017-11-14,89.04
2017-11-15,88.72
2017-11-16,88.56
2017-11-17,90.8
2017-11-20,90.24
2017-11-21,91.2
2017-11-22,92.8
2017-11-23,
2017-11-24,94.32
2017-11-27,92.72
2017-11-28,92.64
2017-11-29,91.76
2017-11-30,91.76
2017-12-01,93.36
2017-12-04,91.92
2017-12-05,92.32
2017-12-06,89.6
2017-12-07,90.64
2017-12-08,91.92
2017-12-11,92.8
2017-12-12,91.52
2017-12-13,90.64
2017-12-14,91.44
2017-12-15,91.68
2017-12-18,91.52
2017-12-19,92.08
2017-12-20,92.88
2017-12-21,93.12
2017-12-22,93.28
2017-12-25,
2017-12-26,95.6
2017-12-27,95.36
2017-12-28,95.76
2017-12-29,96.08
2018-01-01,
2018-01-02,96.56
2018-01-03,98.72
2018-01-04,98.96
2018-01-05,98.48
2018-01-08,99.04
2018-01-09,100.56
2018-01-10,101.44
2018-01-11,101.6
2018-01-12,102.96
2018-01-15,
2018-01-16,102.08
2018-01-17,102.24
2018-01-18,102.08
2018-01-19,101.76
2018-01-22,102.24
2018-01-23,103.76
2018-01-24,105.76
2018-01-25,104.48
2018-01-26,105.92
2018-01-29,104.88
2018-01-30,103.2
2018-01-31,103.84
2018-02-01,105.92
2018-02-02,104.32
2018-02-05,102.16
2018-02-06,101.6
2018-02-07,98.96
2018-02-08,96.72
2018-02-09,94.88
2018-02-12,95.12
2018-02-13,94.96
2018-02-14,97.44
2018-02-15,98.64
2018-02-16,99.04
2018-02-19,
2018-02-20,99.12
2018-02-21,98.32
2018-02-22,100.72
2018-02-23,102.16
2018-02-26,102.88
2018-02-27,101.2
2018-02-28,98.96
2018-03-01,98.8
2018-03-02,98.96
2018-03-05,100.72
2018-03-06,100.56
2018-03-07,98.8
2018-03-08,97.2
2018-03-09,99.76
2018-03-12,98.96
2018-03-13,97.92
2018-03-14,98.24
2018-03-15,98.72
2018-03-16,100.4
2018-03-19,100.4
2018-03-20,102.48
2018-03-21,105.44
2018-03-22,103.6
2018-03-23,106.24
2018-03-26,105.68
2018-03-27,104.64
2018-03-28,104.32
2018-03-29,104.72
2018-03-30,
2018-04-02,101.92
2018-04-03,102.48
2018-04-04,102.56
2018-04-05,102.64
2018-04-06,100.08
2018-04-09,102.16
2018-04-10,106.0
2018-04-11,107.6
2018-04-12,108.16
2018-04-13,108.4
2018-04-16,107.04
2018-04-17,107.28
2018-04-18,111.04
2018-04-19,110.16
2018-04-20,110.0
2018-04-23,111.36
2018-04-24,109.44
2018-04-25,109.76
2018-04-26,110.16
2018-04-27,109.84
2018-04-30,110.4
2018-05-01,108.88
2018-05-02,109.36
2018-05-03,110.56
2018-05-04,112.72
2018-05-07,112.8
2018-05-08,112.48
2018-05-09,114.96
2018-05-10,115.28
2018-05-11,114.0
2018-05-14,115.04
2018-05-15,115.2
2018-05-16,115.68
2018-05-17,115.92
2018-05-18,115.44
2018-05-21,117.36
2018-05-22,116.48
2018-05-23,116.08
2018-05-24,114.32
2018-05-25,109.44
2018-05-28,
2018-05-29,108.08
2018-05-30,110.64
2018-05-31,108.4
2018-06-01,106.0
2018-06-04,104.96
2018-06-05,105.76
2018-06-06,105.28
2018-06-07,106.8
2018-06-08,106.16
2018-06-11,106.88
2018-06-12,107.2
2018-06-13,107.76
2018-06-14,108.16
2018-06-15,104.4
2018-06-18,106.32
2018-06-19,105.12
2018-06-20,106.24
2018-06-21,106.48
2018-06-22,112.16
2018-06-25,110.16
2018-06-26,114.16
2018-06-27,117.2
2018-06-28,118.88
2018-06-29,120.48
2018-07-02,119.68
2018-07-03,119.36
2018-07-04,
2018-07-05,118.24
2018-07-06,119.68
2018-07-09,120.24
2018-07-10,120.56
2018-07-11,114.48
2018-07-12,115.12
2018-07-13,115.76
2018-07-16,111.52
2018-07-17,111.6
2018-07-18,112.8
2018-07-19,113.04
2018-07-20,113.2
2018-07-23,112.72
2018-07-24,113.84
2018-07-25,115.36
2018-07-26,115.76
2018-07-27,114.56
2018-07-30,116.32
2018-07-31,114.24
2018-08-01,112.72
2018-08-02,114.88
2018-08-03,114.16
2018-08-06,114.48
2018-08-07,114.88
2018-08-08,111.2
2018-08-09,111.04
2018-08-10,112.64
2018-08-13,112.08
2018-08-14,111.92
2018-08-15,108.08
2018-08-16,109.04
2018-08-17,109.52
2018-08-20,110.08
2018-08-21,110.64
2018-08-22,114.16
2018-08-23,114.16
2018-08-24,115.44
2018-08-27,116.0
2018-08-28,115.44
2018-08-29,117.28
2018-08-30,118.0
2018-08-31,117.68
2018-09-03,
2018-09-04,116.64
2018-09-05,115.92
2018-09-06,114.4
2018-09-07,114.24
2018-09-10,113.68
2018-09-11,116.8
2018-09-12,118.24
2018-09-13,115.92
2018-09-14,116.0
2018-09-17,115.76
2018-09-18,117.52
2018-09-19,119.52
2018-09-20,118.4
2018-09-21,119.68
2018-09-24,122.0
2018-09-25,122.16
2018-09-26,120.88
2018-09-27,122.08
2018-09-28,124.16
2018-10-01,127.6
2018-10-02,126.96
2018-10-03,128.64
2018-10-04,125.92
2018-10-05,125.52
2018-10-08,125.44
2018-10-09,126.56
2018-10-10,123.04
2018-10-11,119.6
2018-10-12,120.96
2018-10-15,121.04
2018-10-16,121.52
2018-10-17,118.56
2018-10-18,116.48
2018-10-19,117.76
2018-10-22,117.92
2018-10-23,112.32
2018-10-24,112.4
2018-10-25,113.68
2018-10-26,114.64
2018-10-29,112.88
2018-10-30,112.24
2018-10-31,110.32
2018-11-01,107.68
2018-11-02,106.48
2018-11-05,106.4
2018-11-06,105.44
2018-11-07,104.48
2018-11-08,102.72
2018-11-09,101.6
2018-11-12,99.84
2018-11-13,93.52
2018-11-14,95.6
2018-11-15,95.84
2018-11-16,96.56
2018-11-19,97.12
2018-11-20,90.16
2018-11-21,92.16
2018-11-22,
2018-11-23,86.64
2018-11-26,87.52
2018-11-27,87.6
2018-11-28,85.28
2018-11-29,86.96
2018-11-30,85.84
2018-12-03,90.16
2018-12-04,89.44
2018-12-05,
2018-12-06,87.52
2018-12-07,88.88
2018-12-10,86.0
2018-12-11,87.6
2018-12-12,86.56
2018-12-13,89.68
2018-12-14,86.56
2018-12-17,83.6
2018-12-18,78.32
2018-12-19,80.16
2018-12-20,77.76
2018-12-21,76.56
2018-12-24,74.32
2018-12-25,
2018-12-26,79.2
2018-12-27,76.96
2018-12-28,76.24
2018-12-31,77.28
2019-01-01,
2019-01-02,78.8
2019-01-03,79.6
2019-01-04,81.44
2019-01-07,82.32
2019-01-08,84.0
2019-01-09,88.4
2019-01-10,88.8
2019-01-11,87.2
2019-01-14,85.52
2019-01-15,88.0
2019-01-16,88.48
2019-01-17,88.24
2019-01-18,90.48
2019-01-21,
2019-01-22,88.96
2019-01-23,88.4
2019-01-24,89.36
2019-01-25,90.0
2019-01-28,87.6
2019-01-29,89.28
2019-01-30,91.2
2019-01-31,90.8
2019-02-01,93.04
2019-02-04,92.0
2019-02-05,90.32
2019-02-06,90.56
2019-02-07,88.56
2019-02-08,88.64
2019-02-11,88.08
2019-02-12,89.28
2019-02-13,90.72
2019-02-14,91.84
2019-02-15,93.68
2019-02-18,
2019-02-19,94.24
2019-02-20,95.44
2019-02-21,95.04
2019-02-22,95.6
2019-02-25,92.56
2019-02-26,93.04
2019-02-27,95.12
2019-02-28,95.6
2019-03-01,93.28
2019-03-04,94.4
2019-03-05,94.56
2019-03-06,94.0
2019-03-07,94.48
2019-03-08,93.84
2019-03-11,94.88
2019-03-12,95.12
2019-03-13,97.52
2019-03-14,97.76
2019-03-15,97.6
2019-03-18,98.48
2019-03-19,98.24
2019-03-20,100.0
2019-03-21,99.52
2019-03-22,97.84
2019-03-25,98.0
2019-03-26,99.76
2019-03-27,98.72
2019-03-28,98.8
2019-03-29,100.0
2019-04-01,102.56
2019-04-02,104.08
2019-04-03,103.92
2019-04-04,103.36
2019-04-05,105.2
2019-04-08,107.2
2019-04-09,106.64
2019-04-10,107.28
2019-04-11,106.16
2019-04-12,106.4
2019-04-15,105.92
2019-04-16,106.96
2019-04-17,106.24
2019-04-18,106.56
2019-04-19,
2019-04-22,109.36
2019-04-23,110.32
2019-04-24,109.44
2019-04-25,108.24
2019-04-26,104.72
2019-04-29,105.84
2019-04-30,106.32
2019-05-01,105.76
2019-05-02,102.56
2019-05-03,102.96
2019-05-06,104.56
2019-05-07,101.84
2019-05-08,103.12
2019-05-09,102.48
2019-05-10,102.72
2019-05-13,101.44
2019-05-14,102.96
2019-05-15,103.76
2019-05-16,105.12
2019-05-17,104.64
2019-05-20,105.2
2019-05-21,105.04
2019-05-22,101.92
2019-05-23,96.72
2019-05-24,97.84
2019-05-27,
2019-05-28,97.84
2019-05-29,97.92
2019-05-30,94.08
2019-05-31,88.8
2019-06-03,87.92
2019-06-04,89.28
2019-06-05,86.16
2019-06-06,88.48
2019-06-07,89.84
2019-06-10,88.88
2019-06-11,88.88
2019-06-12,85.12
2019-06-13,87.04
2019-06-14,87.52
2019-06-17,86.48
2019-06-18,90.0
2019-06-19,90.64
2019-06-20,94.8
2019-06-21,95.76
2019-06-24,96.08
2019-06-25,96.0
2019-06-26,98.32
2019-06-27,98.32
2019-06-28,96.32
2019-07-01,98.24
2019-07-02,93.6
2019-07-03,94.16
2019-07-04,
2019-07-05,95.6
2019-07-08,95.44
2019-07-09,96.32
2019-07-10,100.24
2019-07-11,100.4
2019-07-12,100.16
2019-07-15,98.4
2019-07-16,96.56
2019-07-17,94.0
2019-07-18,92.48
2019-07-19,93.36
2019-07-22,93.44
2019-07-23,94.48
2019-07-24,92.72
2019-07-25,92.8
2019-07-26,93.2
2019-07-29,94.56
2019-07-30,96.64
2019-07-31,96.32
2019-08-01,90.48
2019-08-02,91.84
2019-08-05,90.96
2019-08-06,89.12
2019-08-07,86.72
2019-08-08,87.68
2019-08-09,90.24
2019-08-12,90.88
2019-08-13,94.96
2019-08-14,91.52
2019-08-15,90.8
2019-08-16,91.2
2019-08-19,93.28
2019-08-20,93.04
2019-08-21,92.88
2019-08-22,92.24
2019-08-23,89.52
2019-08-26,89.44
2019-08-27,91.36
2019-08-28,93.12
2019-08-29,94.24
2019-08-30,91.68
2019-09-02,
2019-09-03,89.76
2019-09-04,93.68
2019-09-05,93.6
2019-09-06,94.16
2019-09-09,96.64
2019-09-10,95.84
2019-09-11,93.44
2019-09-12,91.76
2019-09-13,91.52
2019-09-16,102.64
2019-09-17,98.32
2019-09-18,96.8
2019-09-19,97.52
2019-09-20,97.6
2019-09-23,97.68
2019-09-24,95.2
2019-09-25,94.4
2019-09-26,94.4
2019-09-27,93.28
2019-09-30,90.72
2019-10-01,89.52
2019-10-02,87.84
2019-10-03,87.44
2019-10-04,88.32
2019-10-07,88.32
2019-10-08,87.12
2019-10-09,87.92
2019-10-10,89.52
2019-10-11,91.36
2019-10-14,89.44
2019-10-15,88.48
2019-10-16,89.12
2019-10-17,90.24
2019-10-18,89.76
2019-10-21,89.68
2019-10-22,90.72
2019-10-23,93.2
2019-10-24,93.84
2019-10-25,94.64
2019-10-28,93.2
2019-10-29,92.64
2019-10-30,91.76
2019-10-31,90.4
2019-11-01,93.52
2019-11-04,94.48
2019-11-05,95.44
2019-11-06,94.48
2019-11-07,95.04
2019-11-08,95.92
2019-11-11,95.12
2019-11-12,94.96
2019-11-13,95.68
2019-11-14,95.28
2019-11-15,96.64
2019-11-18,95.2
2019-11-19,92.56
2019-11-20,95.2
2019-11-21,97.6
2019-11-22,96.88
2019-11-25,96.88
2019-11-26,97.52
2019-11-27,97.12
2019-11-28,
2019-11-29,92.96
2019-12-02,93.36
2019-12-03,94.08
2019-12-04,97.52
2019-12-05,97.52
2019-12-06,98.56
2019-12-09,98.64
2019-12-10,99.12
2019-12-11,98.4
2019-12-12,98.96
2019-12-13,99.92
2019-12-16,100.72
2019-12-17,101.76
2019-12-18,101.92
2019-12-19,102.24
2019-12-20,101.04
2019-12-23,101.6
2019-12-24,102.16
2019-12-25,
2019-12-26,103.12
2019-12-27,103.28
2019-12-30,103.12
2019-12-31,102.48
2020-01-01,
2020-01-02,102.48
2020-01-03,105.44
2020-01-06,105.28
2020-01-07,105.04
2020-01-08,101.28
2020-01-09,99.92
2020-01-10,99.28
2020-01-13,97.6
2020-01-14,98.24
2020-01-15,97.44
2020-01-16,98.32
2020-01-17,98.64
2020-01-20,
2020-01-21,97.92
2020-01-22,95.2
2020-01-23,93.28
2020-01-24,91.44
2020-01-27,88.8
2020-01-28,90.0
2020-01-29,89.28
2020-01-30,88.64
2020-01-31,86.72
2020-02-03,83.92
2020-02-04,83.52
2020-02-05,85.6
2020-02-06,85.92
2020-02-07,84.64
2020-02-10,83.36
2020-02-11,84.0
2020-02-12,86.48
2020-02-13,86.72
2020-02-14,87.6
2020-02-17,
2020-02-18,87.6
2020-02-19,89.44
2020-02-20,90.24
2020-02-21,89.28
2020-02-24,85.92
2020-02-25,83.2
2020-02-26,81.52
2020-02-27,78.24
2020-02-28,75.6
2020-03-02,79.36
2020-03-03,79.12
2020-03-04,78.88
2020-03-05,76.88
2020-03-06,69.84
2020-03-09,52.16
2020-03-10,57.92
2020-03-11,55.52
2020-03-12,52.32
2020-03-13,55.68
2020-03-16,48.4
2020-03-17,45.68
2020-03-18,37.68
2020-03-19,42.96
2020-03-20,39.52
2020-03-23,39.04
2020-03-24,39.84
2020-03-25,40.64
2020-03-26,38.64
2020-03-27,35.76
2020-03-30,33.84
2020-03-31,33.68
2020-04-01,35.04
2020-04-02,40.88
2020-04-03,47.2
2020-04-06,43.84
2020-04-07,40.72
2020-04-08,42.96
2020-04-09,39.84
2020-04-10,
2020-04-13,39.44
2020-04-14,37.28
2020-04-15,35.44
2020-04-16,34.88
2020-04-17,33.68
2020-04-20,30.0
2020-04-21,22.48
2020-04-22,20.08
2020-04-23,21.12
2020-04-24,20.56
2020-04-27,17.52
2020-04-28,17.04
2020-04-29,18.0
2020-04-30,19.12
2020-05-01,18.86
2020-05-04,19.67
2020-05-05,21.51
2020-05-06,20.85
2020-05-07,20.47
2020-05-08,21.47
2020-05-11,21.17
2020-05-12,20.97
2020-05-13,20.6
2020-05-14,21.45
2020-05-15,22.39
2020-05-18,24.31
2020-05-19,24.44
2020-05-20,25.34
2020-05-21,26.6
2020-05-22,25.57
2020-05-25,
2020-05-26,25.66
2020-05-27,25.0
2020-05-28,25.03
2020-05-29,25.88
2020-06-01,26.22
2020-06-02,27.07
2020-06-03,27.12
2020-06-04,27.5
2020-06-05,28.87
2020-06-08,28.37
2020-06-09,28.42
2020-06-10,28.43
2020-06-11,26.36
2020-06-12,26.43
2020-06-15,26.98
2020-06-16,27.64
2020-06-17,27.28
2020-06-18,27.89
2020-06-19,28.23
2020-06-22,28.98
2020-06-23,28.72
2020-06-24,27.25
2020-06-25,27.94
2020-06-26,27.36
2020-06-29,28.27
2020-06-30,28.06
2020-07-01,28.35
2020-07-02,28.75
2020-07-03,
2020-07-06,28.96
2020-07-07,28.79
2020-07-08,29.18
2020-07-09,28.41
2020-07-10,29.03
2020-07-13,28.5
2020-07-14,28.88
2020-07-15,29.29
2020-07-16,29.16
2020-07-17,29.1
2020-07-20,29.12
2020-07-21,29.72
2020-07-22,29.75
2020-07-23,29.585
